player_id,season,matchday,date,venue,team,opponent_name,opponent_link,match_report_url,result,position,goals,assists,yellow_cards,second_yellow,red_cards,minutes_played,last_updated
e5f538bcbc4a195eeb47bf55ab75abf8,2025,2,30/08/25,H,FC Augsburg,Bayern Munich,https://www.transfermarkt.com/fc-bayern-munchen/spielplan/verein/27/saison_id/2025,https://www.transfermarkt.com/fc-augsburg_bayern-munich/index/spielbericht/4634142,2:3,Centre-Back,0,0,0,0,0,1,2026-01-05T14:18:46.188200
e5f538bcbc4a195eeb47bf55ab75abf8,2025,5,27/09/25,A,FC Augsburg,1.FC Heidenheim 1846,https://www.transfermarkt.com/1-fc-heidenheim-1846/spielplan/verein/2036/saison_id/2025,https://www.transfermarkt.com/1-fc-heidenheim-1846_fc-augsburg/index/spielbericht/4634171,2:1,Centre-Back,0,0,0,0,0,31,2026-01-05T14:18:46.189470
e5f538bcbc4a195eeb47bf55ab75abf8,2025,7,18/10/25,A,FC Augsburg,1.FC Köln,https://www.transfermarkt.com/1-fc-koln/spielplan/verein/3/saison_id/2025,https://www.transfermarkt.com/1-fc-koln_fc-augsburg/index/spielbericht/4634190,1:1,Centre-Back,0,0,0,0,0,85,2026-01-05T14:18:46.190430
e5f538bcbc4a195eeb47bf55ab75abf8,2025,9,31/10/25,H,FC Augsburg,Borussia Dortmund,https://www.transfermarkt.com/borussia-dortmund/spielplan/verein/16/saison_id/2025,https://www.transfermarkt.com/fc-augsburg_borussia-dortmund/index/spielbericht/4634204,0:1,Centre-Back,0,0,0,0,0,90,2026-01-05T14:18:46.191384
e5f538bcbc4a195eeb47bf55ab75abf8,2025,10,09/11/25,A,FC Augsburg,VfB Stuttgart,https://www.transfermarkt.com/vfb-stuttgart/spielplan/verein/79/saison_id/2025,https://www.transfermarkt.com/vfb-stuttgart_fc-augsburg/index/spielbericht/4634213,3:2,Centre-Back,0,0,0,0,0,62,2026-01-05T14:18:46.191840
e5f538bcbc4a195eeb47bf55ab75abf8,2025,11,22/11/25,H,FC Augsburg,Hamburger SV,https://www.transfermarkt.com/hamburger-sv/spielplan/verein/41/saison_id/2025,https://www.transfermarkt.com/fc-augsburg_hamburger-sv/index/spielbericht/4634223,1:0,Centre-Back,0,0,0,0,0,90,2026-01-05T14:18:46.192315
e5f538bcbc4a195eeb47bf55ab75abf8,2025,12,29/11/25,A,FC Augsburg,TSG 1899 Hoffenheim,https://www.transfermarkt.com/tsg-1899-hoffenheim/spielplan/verein/533/saison_id/2025,https://www.transfermarkt.com/tsg-1899-hoffenheim_fc-augsburg/index/spielbericht/4634234,3:0,Centre-Back,0,0,0,0,0,90,2026-01-05T14:18:46.192767
e5f538bcbc4a195eeb47bf55ab75abf8,2025,14,13/12/25,A,FC Augsburg,Eintracht Frankfurt,https://www.transfermarkt.com/eintracht-frankfurt/spielplan/verein/24/saison_id/2025,https://www.transfermarkt.com/eintracht-frankfurt_fc-augsburg/index/spielbericht/4634247,1:0,Centre-Back,0,0,0,0,0,90,2026-01-05T14:18:46.193705
ddd666b0632290e346686a472c19f569,unknown - season url found but failed to parse,unknown,unknown,unknown,unknown,unknown,unknown,unknown,unknown,unknown,,,,,,,2026-01-05T14:19:02.419006
513544f5f7612401874674cb793b8f23,unknown - season url found but failed to parse,unknown,unknown,unknown,unknown,unknown,unknown,unknown,unknown,unknown,,,,,,,2026-01-05T14:19:08.640722
92e939dfa453b55b492da8f0bed7d561,unknown - season url found but failed to parse,unknown,unknown,unknown,unknown,unknown,unknown,unknown,unknown,unknown,,,,,,,2026-01-05T14:19:19.542128
80bb65f07f70b1c7923842eee10269a0,unknown - season url found but failed to parse,unknown,unknown,unknown,unknown,unknown,unknown,unknown,unknown,unknown,,,,,,,2026-01-05T14:19:27.370052
4104fd18f7131d9cd4978e7f22ddf31e,2025,1,09/08/25,H,Norwich City,Millwall FC,https://www.transfermarkt.com/fc-millwall/spielplan/verein/1028/saison_id/2025,https://www.transfermarkt.com/norwich-city_millwall-fc/index/spielbericht/4633972,1:2,Centre-Forward,1,0,0,0,0,90,2026-01-05T14:20:42.861135
4104fd18f7131d9cd4978e7f22ddf31e,2025,2,16/08/25,A,Norwich City,Portsmouth FC,https://www.transfermarkt.com/fc-portsmouth/spielplan/verein/1020/saison_id/2025,https://www.transfermarkt.com/portsmouth-fc_norwich-city/index/spielbericht/4633985,1:2,Centre-Forward,1,0,0,0,0,75,2026-01-05T14:20:42.861646
4104fd18f7131d9cd4978e7f22ddf31e,2025,3,23/08/25,H,Norwich City,Middlesbrough FC,https://www.transfermarkt.com/fc-middlesbrough/spielplan/verein/641/saison_id/2025,https://www.transfermarkt.com/norwich-city_middlesbrough-fc/index/spielbericht/4633996,1:2,Centre-Forward,1,0,0,0,0,90,2026-01-05T14:20:42.862165
4104fd18f7131d9cd4978e7f22ddf31e,2025,4,30/08/25,A,Norwich City,Blackburn Rovers,https://www.transfermarkt.com/blackburn-rovers/spielplan/verein/164/saison_id/2025,https://www.transfermarkt.com/blackburn-rovers_norwich-city/index/spielbericht/4634003,0:2,Centre-Forward,2,0,0,0,0,90,2026-01-05T14:20:42.862634
4104fd18f7131d9cd4978e7f22ddf31e,2025,5,13/09/25,A,Norwich City,Coventry City,https://www.transfermarkt.com/coventry-city/spielplan/verein/990/saison_id/2025,https://www.transfermarkt.com/coventry-city_norwich-city/index/spielbericht/4634089,1:1,Centre-Forward,0,0,0,0,0,84,2026-01-05T14:20:42.863098
4104fd18f7131d9cd4978e7f22ddf31e,2025,6,20/09/25,H,Norwich City,Wrexham AFC,https://www.transfermarkt.com/afc-wrexham/spielplan/verein/1112/saison_id/2025,https://www.transfermarkt.com/norwich-city_wrexham-afc/index/spielbericht/4634084,2:3,Centre-Forward,0,0,0,0,0,90,2026-01-05T14:20:42.863564
4104fd18f7131d9cd4978e7f22ddf31e,2025,7,27/09/25,A,Norwich City,Stoke City,https://www.transfermarkt.com/stoke-city/spielplan/verein/512/saison_id/2025,https://www.transfermarkt.com/stoke-city_norwich-city/index/spielbericht/4634762,1:1,Centre-Forward,0,0,0,0,0,90,2026-01-05T14:20:42.864022
4104fd18f7131d9cd4978e7f22ddf31e,2025,8,01/10/25,H,Norwich City,West Bromwich Albion,https://www.transfermarkt.com/west-bromwich-albion/spielplan/verein/984/saison_id/2025,https://www.transfermarkt.com/norwich-city_west-bromwich-albion/index/spielbericht/4634776,0:1,Centre-Forward,0,0,0,0,0,90,2026-01-05T14:20:42.864476
4104fd18f7131d9cd4978e7f22ddf31e,2025,9,05/10/25,A,Norwich City,Ipswich Town,https://www.transfermarkt.com/ipswich-town/spielplan/verein/677/saison_id/2025,https://www.transfermarkt.com/ipswich-town_norwich-city/index/spielbericht/4634783,3:1,Centre-Forward,0,0,0,0,0,90,2026-01-05T14:20:42.864941
4104fd18f7131d9cd4978e7f22ddf31e,2025,10,18/10/25,H,Norwich City,Bristol City,https://www.transfermarkt.com/bristol-city/spielplan/verein/698/saison_id/2025,https://www.transfermarkt.com/norwich-city_bristol-city/index/spielbericht/4634796,0:1,Centre-Forward,0,0,0,0,0,90,2026-01-05T14:20:42.865393
4104fd18f7131d9cd4978e7f22ddf31e,2025,11,21/10/25,A,Norwich City,Derby County,https://www.transfermarkt.com/derby-county/spielplan/verein/22/saison_id/2025,https://www.transfermarkt.com/derby-county_norwich-city/index/spielbericht/4634805,1:0,Centre-Forward,0,0,0,0,0,90,2026-01-05T14:20:42.865847
4104fd18f7131d9cd4978e7f22ddf31e,2025,12,25/10/25,A,Norwich City,Swansea City,https://www.transfermarkt.com/swansea-city/spielplan/verein/2288/saison_id/2025,https://www.transfermarkt.com/swansea-city_norwich-city/index/spielbericht/4634826,2:1,Centre-Forward,0,1,0,0,0,71,2026-01-05T14:20:42.866327
4104fd18f7131d9cd4978e7f22ddf31e,2025,13,01/11/25,H,Norwich City,Hull City,https://www.transfermarkt.com/hull-city/spielplan/verein/3008/saison_id/2025,https://www.transfermarkt.com/norwich-city_hull-city/index/spielbericht/4634830,0:2,Centre-Forward,0,0,0,0,0,90,2026-01-05T14:20:42.866786
4104fd18f7131d9cd4978e7f22ddf31e,2025,14,05/11/25,A,Norwich City,Sheffield Wednesday,https://www.transfermarkt.com/sheffield-wednesday/spielplan/verein/1035/saison_id/2025,https://www.transfermarkt.com/sheffield-wednesday_norwich-city/index/spielbericht/4634850,1:1,Centre-Forward,0,1,0,0,0,90,2026-01-05T14:20:42.867262
4104fd18f7131d9cd4978e7f22ddf31e,2025,15,08/11/25,H,Norwich City,Leicester City,https://www.transfermarkt.com/leicester-city/spielplan/verein/1003/saison_id/2025,https://www.transfermarkt.com/norwich-city_leicester-city/index/spielbericht/4634855,1:2,Centre-Forward,0,0,0,0,0,90,2026-01-05T14:20:42.867711
4104fd18f7131d9cd4978e7f22ddf31e,2025,16,22/11/25,A,Norwich City,Birmingham City,https://www.transfermarkt.com/birmingham-city/spielplan/verein/337/saison_id/2025,https://www.transfermarkt.com/birmingham-city_norwich-city/index/spielbericht/4634863,4:1,Centre-Forward,0,0,0,0,0,88,2026-01-05T14:20:42.868173
4104fd18f7131d9cd4978e7f22ddf31e,2025,17,25/11/25,H,Norwich City,Oxford United,https://www.transfermarkt.com/oxford-united/spielplan/verein/988/saison_id/2025,https://www.transfermarkt.com/norwich-city_oxford-united/index/spielbericht/4634884,1:1,Centre-Forward,0,0,0,0,0,90,2026-01-05T14:20:42.868622
4104fd18f7131d9cd4978e7f22ddf31e,2025,18,29/11/25,H,Norwich City,Queens Park Rangers,https://www.transfermarkt.com/queens-park-rangers/spielplan/verein/1039/saison_id/2025,https://www.transfermarkt.com/norwich-city_queens-park-rangers/index/spielbericht/4634907,3:1,Centre-Forward,0,1,0,0,0,88,2026-01-05T14:20:42.869095
4104fd18f7131d9cd4978e7f22ddf31e,2025,19,06/12/25,A,Norwich City,Watford FC,https://www.transfermarkt.com/fc-watford/spielplan/verein/1010/saison_id/2025,https://www.transfermarkt.com/watford-fc_norwich-city/index/spielbericht/4634930,3:2,Centre-Forward,1,0,0,0,0,90,2026-01-05T14:20:42.869546
4104fd18f7131d9cd4978e7f22ddf31e,2025,20,09/12/25,A,Norwich City,Sheffield United,https://www.transfermarkt.com/sheffield-united/spielplan/verein/350/saison_id/2025,https://www.transfermarkt.com/sheffield-united_norwich-city/index/spielbericht/4634935,1:1,Centre-Forward,0,0,0,0,0,44,2026-01-05T14:20:42.870008
4104fd18f7131d9cd4978e7f22ddf31e,2025,24,29/12/25,H,Norwich City,Watford FC,https://www.transfermarkt.com/fc-watford/spielplan/verein/1010/saison_id/2025,https://www.transfermarkt.com/norwich-city_watford-fc/index/spielbericht/4639300,0:1,Centre-Forward,0,0,0,0,0,83,2026-01-05T14:20:42.871627
4104fd18f7131d9cd4978e7f22ddf31e,2025,25,01/01/26,A,Norwich City,Queens Park Rangers,https://www.transfermarkt.com/queens-park-rangers/spielplan/verein/1039/saison_id/2025,https://www.transfermarkt.com/queens-park-rangers_norwich-city/index/spielbericht/4639314,1:2,Centre-Forward,1,0,0,0,0,72,2026-01-05T14:20:42.872107
4104fd18f7131d9cd4978e7f22ddf31e,2025,26,04/01/26,H,Norwich City,Stoke City,https://www.transfermarkt.com/stoke-city/spielplan/verein/512/saison_id/2025,https://www.transfermarkt.com/norwich-city_stoke-city/index/spielbericht/4639327,0:2,Centre-Forward,0,0,0,0,0,89,2026-01-05T14:20:42.872559
bfb4610063cc4fe03ea45aa3d2ac6164,2025,1,09/08/25,H,Southampton FC,Wrexham AFC,https://www.transfermarkt.com/afc-wrexham/spielplan/verein/1112/saison_id/2025,https://www.transfermarkt.com/southampton-fc_wrexham-afc/index/spielbericht/4633970,2:1,,0,1,0,0,0,30,2026-01-05T14:20:49.760971
bfb4610063cc4fe03ea45aa3d2ac6164,2025,3,23/08/25,H,Southampton FC,Stoke City,https://www.transfermarkt.com/stoke-city/spielplan/verein/512/saison_id/2025,https://www.transfermarkt.com/southampton-fc_stoke-city/index/spielbericht/4633999,1:2,,0,0,0,0,0,45,2026-01-05T14:20:49.761853
bfb4610063cc4fe03ea45aa3d2ac6164,2025,6,20/09/25,A,Southampton FC,Hull City,https://www.transfermarkt.com/hull-city/spielplan/verein/3008/saison_id/2025,https://www.transfermarkt.com/hull-city_southampton-fc/index/spielbericht/4634080,3:1,Centre-Forward,0,0,0,0,0,62,2026-01-05T14:20:49.763199
bfb4610063cc4fe03ea45aa3d2ac6164,2025,9,04/10/25,A,Southampton FC,Derby County,https://www.transfermarkt.com/derby-county/spielplan/verein/22/saison_id/2025,https://www.transfermarkt.com/derby-county_southampton-fc/index/spielbericht/4634781,1:1,,0,0,0,0,0,30,2026-01-05T14:20:49.764389
bfb4610063cc4fe03ea45aa3d2ac6164,2025,11,21/10/25,A,Southampton FC,Bristol City,https://www.transfermarkt.com/bristol-city/spielplan/verein/698/saison_id/2025,https://www.transfermarkt.com/bristol-city_southampton-fc/index/spielbericht/4634804,3:1,,0,0,0,0,0,12,2026-01-05T14:20:49.765220
bfb4610063cc4fe03ea45aa3d2ac6164,2025,13,01/11/25,H,Southampton FC,Preston North End,https://www.transfermarkt.com/preston-north-end/spielplan/verein/466/saison_id/2025,https://www.transfermarkt.com/southampton-fc_preston-north-end/index/spielbericht/4634834,0:2,,0,0,0,0,0,18,2026-01-05T14:20:49.766045
bfb4610063cc4fe03ea45aa3d2ac6164,2025,14,05/11/25,A,Southampton FC,Queens Park Rangers,https://www.transfermarkt.com/queens-park-rangers/spielplan/verein/1039/saison_id/2025,https://www.transfermarkt.com/queens-park-rangers_southampton-fc/index/spielbericht/4634849,1:2,,0,0,0,0,0,24,2026-01-05T14:20:49.766487
bfb4610063cc4fe03ea45aa3d2ac6164,2025,15,08/11/25,H,Southampton FC,Sheffield Wednesday,https://www.transfermarkt.com/sheffield-wednesday/spielplan/verein/1035/saison_id/2025,https://www.transfermarkt.com/southampton-fc_sheffield-wednesday/index/spielbericht/4634857,3:1,,0,0,0,0,0,13,2026-01-05T14:20:49.766941
bfb4610063cc4fe03ea45aa3d2ac6164,2025,16,22/11/25,A,Southampton FC,Charlton Athletic,https://www.transfermarkt.com/charlton-athletic/spielplan/verein/358/saison_id/2025,https://www.transfermarkt.com/charlton-athletic_southampton-fc/index/spielbericht/4634865,1:5,,0,0,0,0,0,15,2026-01-05T14:20:49.767382
bfb4610063cc4fe03ea45aa3d2ac6164,2025,17,25/11/25,H,Southampton FC,Leicester City,https://www.transfermarkt.com/leicester-city/spielplan/verein/1003/saison_id/2025,https://www.transfermarkt.com/southampton-fc_leicester-city/index/spielbericht/4634879,3:0,,0,0,0,0,0,12,2026-01-05T14:20:49.767823
89115bb8efd1d9f3202f9edf594074f2,unknown - season url found but failed to parse,unknown,unknown,unknown,unknown,unknown,unknown,unknown,unknown,unknown,,,,,,,2026-01-05T14:21:03.645302
d988a721de1b2d19143bdbb70087f0e7,2025,1,17/08/25,A,Crystal Palace,Chelsea FC,https://www.transfermarkt.com/fc-chelsea/spielplan/verein/631/saison_id/2025,https://www.transfermarkt.com/chelsea-fc_crystal-palace/index/spielbericht/4625781,0:0,Centre-Back,0,0,0,0,0,90,2026-01-05T14:21:27.253174
d988a721de1b2d19143bdbb70087f0e7,2025,2,24/08/25,H,Crystal Palace,Nottingham Forest,https://www.transfermarkt.com/nottingham-forest/spielplan/verein/703/saison_id/2025,https://www.transfermarkt.com/crystal-palace_nottingham-forest/index/spielbericht/4625793,1:1,Centre-Back,0,0,0,0,0,90,2026-01-05T14:21:27.253657
d988a721de1b2d19143bdbb70087f0e7,2025,3,31/08/25,A,Crystal Palace,Aston Villa,https://www.transfermarkt.com/aston-villa/spielplan/verein/405/saison_id/2025,https://www.transfermarkt.com/aston-villa_crystal-palace/index/spielbericht/4625794,0:3,Centre-Back,0,0,0,0,0,90,2026-01-05T14:21:27.254138
d988a721de1b2d19143bdbb70087f0e7,2025,4,13/09/25,H,Crystal Palace,Sunderland AFC,https://www.transfermarkt.com/afc-sunderland/spielplan/verein/289/saison_id/2025,https://www.transfermarkt.com/crystal-palace_sunderland-afc/index/spielbericht/4625808,0:0,Centre-Back,0,0,0,0,0,90,2026-01-05T14:21:27.254589
d988a721de1b2d19143bdbb70087f0e7,2025,5,20/09/25,A,Crystal Palace,West Ham United,https://www.transfermarkt.com/west-ham-united/spielplan/verein/379/saison_id/2025,https://www.transfermarkt.com/west-ham-united_crystal-palace/index/spielbericht/4625822,1:2,Centre-Back,0,0,0,0,0,90,2026-01-05T14:21:27.255052
d988a721de1b2d19143bdbb70087f0e7,2025,6,27/09/25,H,Crystal Palace,Liverpool FC,https://www.transfermarkt.com/fc-liverpool/spielplan/verein/31/saison_id/2025,https://www.transfermarkt.com/crystal-palace_liverpool-fc/index/spielbericht/4625827,2:1,Centre-Back,0,0,0,0,0,90,2026-01-05T14:21:27.255507
d988a721de1b2d19143bdbb70087f0e7,2025,7,05/10/25,A,Crystal Palace,Everton FC,https://www.transfermarkt.com/fc-everton/spielplan/verein/29/saison_id/2025,https://www.transfermarkt.com/everton-fc_crystal-palace/index/spielbericht/4625839,2:1,Centre-Back,0,0,0,0,0,90,2026-01-05T14:21:27.255975
d988a721de1b2d19143bdbb70087f0e7,2025,8,18/10/25,H,Crystal Palace,AFC Bournemouth,https://www.transfermarkt.com/afc-bournemouth/spielplan/verein/989/saison_id/2025,https://www.transfermarkt.com/crystal-palace_afc-bournemouth/index/spielbericht/4625846,3:3,Centre-Back,0,0,0,0,0,90,2026-01-05T14:21:27.256419
d988a721de1b2d19143bdbb70087f0e7,2025,9,26/10/25,A,Crystal Palace,Arsenal FC,https://www.transfermarkt.com/fc-arsenal/spielplan/verein/11/saison_id/2025,https://www.transfermarkt.com/arsenal-fc_crystal-palace/index/spielbericht/4625854,1:0,Centre-Back,0,0,0,0,0,90,2026-01-05T14:21:27.256869
d988a721de1b2d19143bdbb70087f0e7,2025,10,01/11/25,H,Crystal Palace,Brentford FC,https://www.transfermarkt.com/fc-brentford/spielplan/verein/1148/saison_id/2025,https://www.transfermarkt.com/crystal-palace_brentford-fc/index/spielbericht/4625866,2:0,Centre-Back,0,0,0,0,0,90,2026-01-05T14:21:27.257331
d988a721de1b2d19143bdbb70087f0e7,2025,11,09/11/25,H,Crystal Palace,Brighton & Hove Albion,https://www.transfermarkt.com/brighton-amp-hove-albion/spielplan/verein/1237/saison_id/2025,https://www.transfermarkt.com/crystal-palace_brighton-amp-hove-albion/index/spielbericht/4625877,0:0,Centre-Back,0,0,0,0,0,90,2026-01-05T14:21:27.257790
d988a721de1b2d19143bdbb70087f0e7,2025,12,22/11/25,A,Crystal Palace,Wolverhampton Wanderers,https://www.transfermarkt.com/wolverhampton-wanderers/spielplan/verein/543/saison_id/2025,https://www.transfermarkt.com/wolverhampton-wanderers_crystal-palace/index/spielbericht/4625893,0:2,Centre-Back,0,0,0,0,0,83,2026-01-05T14:21:27.258252
d988a721de1b2d19143bdbb70087f0e7,2025,13,30/11/25,H,Crystal Palace,Manchester United,https://www.transfermarkt.com/manchester-united/spielplan/verein/985/saison_id/2025,https://www.transfermarkt.com/crystal-palace_manchester-united/index/spielbericht/4625897,1:2,Centre-Back,0,0,0,0,0,90,2026-01-05T14:21:27.258698
d988a721de1b2d19143bdbb70087f0e7,2025,14,03/12/25,A,Crystal Palace,Burnley FC,https://www.transfermarkt.com/fc-burnley/spielplan/verein/1132/saison_id/2025,https://www.transfermarkt.com/burnley-fc_crystal-palace/index/spielbericht/4625907,0:1,Centre-Back,0,0,0,0,0,90,2026-01-05T14:21:27.259165
d988a721de1b2d19143bdbb70087f0e7,2025,15,07/12/25,A,Crystal Palace,Fulham FC,https://www.transfermarkt.com/fc-fulham/spielplan/verein/931/saison_id/2025,https://www.transfermarkt.com/fulham-fc_crystal-palace/index/spielbericht/4625918,1:2,Centre-Back,0,0,0,0,0,90,2026-01-05T14:21:27.259609
d988a721de1b2d19143bdbb70087f0e7,2025,16,14/12/25,H,Crystal Palace,Manchester City,https://www.transfermarkt.com/manchester-city/spielplan/verein/281/saison_id/2025,https://www.transfermarkt.com/crystal-palace_manchester-city/index/spielbericht/4625928,0:3,Centre-Back,0,0,0,0,0,90,2026-01-05T14:21:27.260071
d988a721de1b2d19143bdbb70087f0e7,2025,17,20/12/25,A,Crystal Palace,Leeds United,https://www.transfermarkt.com/leeds-united/spielplan/verein/399/saison_id/2025,https://www.transfermarkt.com/leeds-united_crystal-palace/index/spielbericht/4625939,4:1,Centre-Back,0,0,0,0,0,90,2026-01-05T14:21:27.260510
b117efac50f75ec41b99726816ae78da,2025,Group Stage,24/09/25,A,Celtic FC,Red Star Belgrade,https://www.transfermarkt.com/roter-stern-belgrad/spielplan/verein/159/saison_id/2025,https://www.transfermarkt.com/red-star-belgrade_celtic-fc/index/spielbericht/4715960,1:1,Centre-Back,0,0,0,0,0,90,2026-01-05T14:22:35.128016
b117efac50f75ec41b99726816ae78da,2025,Group Stage,02/10/25,H,Celtic FC,SC Braga,https://www.transfermarkt.com/sc-braga/spielplan/verein/1075/saison_id/2025,https://www.transfermarkt.com/celtic-fc_sc-braga/index/spielbericht/4715980,0:2,Centre-Back,0,0,0,0,0,90,2026-01-05T14:22:35.128504
c4e73927248e63bf1eb2aaf855408a12,2025,2,24/08/25,H,Fulham FC,Manchester United,https://www.transfermarkt.com/manchester-united/spielplan/verein/985/saison_id/2025,https://www.transfermarkt.com/fulham-fc_manchester-united/index/spielbericht/4625787,1:1,Left-Back,0,0,0,0,0,28,2026-01-05T14:23:00.523423
c4e73927248e63bf1eb2aaf855408a12,2025,3,30/08/25,A,Fulham FC,Chelsea FC,https://www.transfermarkt.com/fc-chelsea/spielplan/verein/631/saison_id/2025,https://www.transfermarkt.com/chelsea-fc_fulham-fc/index/spielbericht/4625796,2:0,,0,0,0,0,0,23,2026-01-05T14:23:00.523901
c4e73927248e63bf1eb2aaf855408a12,2025,6,28/09/25,A,Fulham FC,Aston Villa,https://www.transfermarkt.com/aston-villa/spielplan/verein/405/saison_id/2025,https://www.transfermarkt.com/aston-villa_fulham-fc/index/spielbericht/4625824,3:1,,0,0,0,0,0,10,2026-01-05T14:23:00.525156
c4e73927248e63bf1eb2aaf855408a12,2025,16,13/12/25,A,Fulham FC,Burnley FC,https://www.transfermarkt.com/fc-burnley/spielplan/verein/1132/saison_id/2025,https://www.transfermarkt.com/burnley-fc_fulham-fc/index/spielbericht/4625926,2:3,Left-Back,0,0,0,0,0,90,2026-01-05T14:23:00.529073
c4e73927248e63bf1eb2aaf855408a12,2025,17,22/12/25,H,Fulham FC,Nottingham Forest,https://www.transfermarkt.com/nottingham-forest/spielplan/verein/703/saison_id/2025,https://www.transfermarkt.com/fulham-fc_nottingham-forest/index/spielbericht/4625938,1:0,Left-Back,0,0,0,0,0,90,2026-01-05T14:23:00.529520
c4e73927248e63bf1eb2aaf855408a12,2025,18,27/12/25,A,Fulham FC,West Ham United,https://www.transfermarkt.com/west-ham-united/spielplan/verein/379/saison_id/2025,https://www.transfermarkt.com/west-ham-united_fulham-fc/index/spielbericht/4625953,0:1,Left-Back,0,0,0,0,0,90,2026-01-05T14:23:00.529984
c4e73927248e63bf1eb2aaf855408a12,2025,19,01/01/26,A,Fulham FC,Crystal Palace,https://www.transfermarkt.com/crystal-palace/spielplan/verein/873/saison_id/2025,https://www.transfermarkt.com/crystal-palace_fulham-fc/index/spielbericht/4625958,1:1,Left-Back,0,0,0,0,0,90,2026-01-05T14:23:00.530434
c4e73927248e63bf1eb2aaf855408a12,2025,20,04/01/26,H,Fulham FC,Liverpool FC,https://www.transfermarkt.com/fc-liverpool/spielplan/verein/31/saison_id/2025,https://www.transfermarkt.com/fulham-fc_liverpool-fc/index/spielbericht/4625968,2:2,Left Midfield,0,0,0,0,0,90,2026-01-05T14:23:00.530879
998f0a7e24f2f87f918366cde9bbf117,2025,1,23/08/25,H,FC St. Pauli,Borussia Dortmund,https://www.transfermarkt.com/borussia-dortmund/spielplan/verein/16/saison_id/2025,https://www.transfermarkt.com/fc-st-pauli_borussia-dortmund/index/spielbericht/4634127,3:3,Defensive Midfield,0,0,0,0,0,87,2026-01-05T14:23:10.524344
998f0a7e24f2f87f918366cde9bbf117,2025,2,29/08/25,A,FC St. Pauli,Hamburger SV,https://www.transfermarkt.com/hamburger-sv/spielplan/verein/41/saison_id/2025,https://www.transfermarkt.com/hamburger-sv_fc-st-pauli/index/spielbericht/4634145,0:2,Defensive Midfield,0,0,0,0,0,90,2026-01-05T14:23:10.524832
998f0a7e24f2f87f918366cde9bbf117,2025,3,14/09/25,H,FC St. Pauli,FC Augsburg,https://www.transfermarkt.com/fc-augsburg/spielplan/verein/167/saison_id/2025,https://www.transfermarkt.com/fc-st-pauli_fc-augsburg/index/spielbericht/4634153,2:1,Defensive Midfield,0,0,0,0,0,90,2026-01-05T14:23:10.525307
998f0a7e24f2f87f918366cde9bbf117,2025,5,27/09/25,H,FC St. Pauli,Bayer 04 Leverkusen,https://www.transfermarkt.com/bayer-04-leverkusen/spielplan/verein/15/saison_id/2025,https://www.transfermarkt.com/fc-st-pauli_bayer-04-leverkusen/index/spielbericht/4634170,1:2,Defensive Midfield,0,0,0,0,0,90,2026-01-05T14:23:10.526252
998f0a7e24f2f87f918366cde9bbf117,2025,6,04/10/25,A,FC St. Pauli,SV Werder Bremen,https://www.transfermarkt.com/sv-werder-bremen/spielplan/verein/86/saison_id/2025,https://www.transfermarkt.com/sv-werder-bremen_fc-st-pauli/index/spielbericht/4634176,1:0,Defensive Midfield,0,0,0,0,0,71,2026-01-05T14:23:10.526704
998f0a7e24f2f87f918366cde9bbf117,2025,7,19/10/25,H,FC St. Pauli,TSG 1899 Hoffenheim,https://www.transfermarkt.com/tsg-1899-hoffenheim/spielplan/verein/533/saison_id/2025,https://www.transfermarkt.com/fc-st-pauli_tsg-1899-hoffenheim/index/spielbericht/4634188,0:3,Defensive Midfield,0,0,0,0,0,90,2026-01-05T14:23:10.527176
998f0a7e24f2f87f918366cde9bbf117,2025,10,09/11/25,A,FC St. Pauli,SC Freiburg,https://www.transfermarkt.com/sc-freiburg/spielplan/verein/60/saison_id/2025,https://www.transfermarkt.com/sc-freiburg_fc-st-pauli/index/spielbericht/4634211,2:1,Central Midfield,0,0,0,0,0,68,2026-01-05T14:23:10.528504
998f0a7e24f2f87f918366cde9bbf117,2025,11,23/11/25,H,FC St. Pauli,1.FC Union Berlin,https://www.transfermarkt.com/1-fc-union-berlin/spielplan/verein/89/saison_id/2025,https://www.transfermarkt.com/fc-st-pauli_1-fc-union-berlin/index/spielbericht/4634224,0:1,Defensive Midfield,0,0,0,0,0,90,2026-01-05T14:23:10.528965
998f0a7e24f2f87f918366cde9bbf117,2025,12,29/11/25,A,FC St. Pauli,Bayern Munich,https://www.transfermarkt.com/fc-bayern-munchen/spielplan/verein/27/saison_id/2025,https://www.transfermarkt.com/bayern-munich_fc-st-pauli/index/spielbericht/4634227,3:1,Defensive Midfield,0,0,0,0,0,90,2026-01-05T14:23:10.529414
998f0a7e24f2f87f918366cde9bbf117,2025,13,06/12/25,A,FC St. Pauli,1.FC Köln,https://www.transfermarkt.com/1-fc-koln/spielplan/verein/3/saison_id/2025,https://www.transfermarkt.com/1-fc-koln_fc-st-pauli/index/spielbericht/4634243,1:1,Defensive Midfield,0,0,0,0,0,73,2026-01-05T14:23:10.529870
998f0a7e24f2f87f918366cde9bbf117,2025,15,21/12/25,A,FC St. Pauli,1.FSV Mainz 05,https://www.transfermarkt.com/1-fsv-mainz-05/spielplan/verein/39/saison_id/2025,https://www.transfermarkt.com/1-fsv-mainz-05_fc-st-pauli/index/spielbericht/4634255,0:0,Defensive Midfield,0,0,0,0,0,90,2026-01-05T14:23:10.530796
88c33aac413028fa09d396b3ba890041,2025,2,30/08/25,A,Bayer 04 Leverkusen,SV Werder Bremen,https://www.transfermarkt.com/sv-werder-bremen/spielplan/verein/86/saison_id/2025,https://www.transfermarkt.com/sv-werder-bremen_bayer-04-leverkusen/index/spielbericht/4634139,3:3,Attacking Midfield,1,0,0,0,0,61,2026-01-05T14:23:29.978307
88c33aac413028fa09d396b3ba890041,2025,3,12/09/25,H,Bayer 04 Leverkusen,Eintracht Frankfurt,https://www.transfermarkt.com/eintracht-frankfurt/spielplan/verein/24/saison_id/2025,https://www.transfermarkt.com/bayer-04-leverkusen_eintracht-frankfurt/index/spielbericht/4634147,3:1,Attacking Midfield,0,0,0,0,0,62,2026-01-05T14:23:29.978788
88c33aac413028fa09d396b3ba890041,2025,4,21/09/25,H,Bayer 04 Leverkusen,Borussia Mönchengladbach,https://www.transfermarkt.com/borussia-monchengladbach/spielplan/verein/18/saison_id/2025,https://www.transfermarkt.com/bayer-04-leverkusen_borussia-monchengladbach/index/spielbericht/4634155,1:1,Central Midfield,1,0,0,0,0,90,2026-01-05T14:23:29.979280
88c33aac413028fa09d396b3ba890041,2025,5,27/09/25,A,Bayer 04 Leverkusen,FC St. Pauli,https://www.transfermarkt.com/fc-st-pauli/spielplan/verein/35/saison_id/2025,https://www.transfermarkt.com/fc-st-pauli_bayer-04-leverkusen/index/spielbericht/4634170,1:2,Attacking Midfield,0,0,0,0,0,75,2026-01-05T14:23:29.979760
88c33aac413028fa09d396b3ba890041,2025,6,04/10/25,H,Bayer 04 Leverkusen,1.FC Union Berlin,https://www.transfermarkt.com/1-fc-union-berlin/spielplan/verein/89/saison_id/2025,https://www.transfermarkt.com/bayer-04-leverkusen_1-fc-union-berlin/index/spielbericht/4634173,2:0,Attacking Midfield,0,0,0,0,0,90,2026-01-05T14:23:29.980233
88c33aac413028fa09d396b3ba890041,2025,10,08/11/25,H,Bayer 04 Leverkusen,1.FC Heidenheim 1846,https://www.transfermarkt.com/1-fc-heidenheim-1846/spielplan/verein/2036/saison_id/2025,https://www.transfermarkt.com/bayer-04-leverkusen_1-fc-heidenheim-1846/index/spielbericht/4634209,6:0,,0,0,0,0,0,45,2026-01-05T14:23:29.981840
88c33aac413028fa09d396b3ba890041,2025,11,22/11/25,A,Bayer 04 Leverkusen,VfL Wolfsburg,https://www.transfermarkt.com/vfl-wolfsburg/spielplan/verein/82/saison_id/2025,https://www.transfermarkt.com/vfl-wolfsburg_bayer-04-leverkusen/index/spielbericht/4634222,1:3,Attacking Midfield,1,0,0,0,0,64,2026-01-05T14:23:29.982317
88c33aac413028fa09d396b3ba890041,2025,13,06/12/25,A,Bayer 04 Leverkusen,FC Augsburg,https://www.transfermarkt.com/fc-augsburg/spielplan/verein/167/saison_id/2025,https://www.transfermarkt.com/fc-augsburg_bayer-04-leverkusen/index/spielbericht/4634241,2:0,Attacking Midfield,0,0,0,0,0,81,2026-01-05T14:23:29.983237
88c33aac413028fa09d396b3ba890041,2025,14,13/12/25,H,Bayer 04 Leverkusen,1.FC Köln,https://www.transfermarkt.com/1-fc-koln/spielplan/verein/3/saison_id/2025,https://www.transfermarkt.com/bayer-04-leverkusen_1-fc-koln/index/spielbericht/4634246,2:0,Attacking Midfield,0,0,0,0,0,86,2026-01-05T14:23:29.983688
88c33aac413028fa09d396b3ba890041,2025,15,20/12/25,A,Bayer 04 Leverkusen,RB Leipzig,https://www.transfermarkt.com/rasenballsport-leipzig/spielplan/verein/23826/saison_id/2025,https://www.transfermarkt.com/rb-leipzig_bayer-04-leverkusen/index/spielbericht/4634256,1:3,Central Midfield,0,0,0,0,0,90,2026-01-05T14:23:29.984149
d86ef576b60e9a29075f3e438bf83b40,2025,1,23/08/25,H,AC Milan,US Cremonese,https://www.transfermarkt.com/us-cremonese/spielplan/verein/2239/saison_id/2025,https://www.transfermarkt.com/ac-milan_us-cremonese/index/spielbericht/4620690,1:2,Centre-Forward,0,0,0,0,0,90,2026-01-05T14:23:46.479440
d86ef576b60e9a29075f3e438bf83b40,2025,2,29/08/25,A,AC Milan,US Lecce,https://www.transfermarkt.com/us-lecce/spielplan/verein/1005/saison_id/2025,https://www.transfermarkt.com/us-lecce_ac-milan/index/spielbericht/4620699,0:2,Attacking Midfield,1,0,0,0,0,13,2026-01-05T14:23:46.479950
d86ef576b60e9a29075f3e438bf83b40,2025,3,14/09/25,H,AC Milan,Bologna FC 1909,https://www.transfermarkt.com/fc-bologna/spielplan/verein/1025/saison_id/2025,https://www.transfermarkt.com/ac-milan_bologna-fc-1909/index/spielbericht/4620709,1:0,Left Winger,0,0,0,0,0,25,2026-01-05T14:23:46.480419
d86ef576b60e9a29075f3e438bf83b40,2025,4,20/09/25,A,AC Milan,Udinese Calcio,https://www.transfermarkt.com/udinese-calcio/spielplan/verein/410/saison_id/2025,https://www.transfermarkt.com/udinese-calcio_ac-milan/index/spielbericht/4620722,0:3,Second Striker,2,1,0,0,0,63,2026-01-05T14:23:46.480909
d86ef576b60e9a29075f3e438bf83b40,2025,5,28/09/25,H,AC Milan,SSC Napoli,https://www.transfermarkt.com/ssc-neapel/spielplan/verein/6195/saison_id/2025,https://www.transfermarkt.com/ac-milan_ssc-napoli/index/spielbericht/4620729,2:1,Second Striker,1,1,0,0,0,59,2026-01-05T14:23:46.481387
d86ef576b60e9a29075f3e438bf83b40,2025,6,05/10/25,A,AC Milan,Juventus FC,https://www.transfermarkt.com/juventus-turin/spielplan/verein/506/saison_id/2025,https://www.transfermarkt.com/juventus-fc_ac-milan/index/spielbericht/4620741,0:0,Second Striker,0,0,0,0,0,74,2026-01-05T14:23:46.481834
d86ef576b60e9a29075f3e438bf83b40,2025,11,08/11/25,A,AC Milan,Parma Calcio 1913,https://www.transfermarkt.com/parma-calcio-1913/spielplan/verein/130/saison_id/2025,https://www.transfermarkt.com/parma-calcio-1913_ac-milan/index/spielbericht/4620799,2:2,Second Striker,0,0,0,0,0,20,2026-01-05T14:23:46.483920
d86ef576b60e9a29075f3e438bf83b40,2025,12,23/11/25,A,AC Milan,Inter Milan,https://www.transfermarkt.com/inter-mailand/spielplan/verein/46/saison_id/2025,https://www.transfermarkt.com/inter-milan_ac-milan/index/spielbericht/4620805,0:1,Centre-Forward,1,0,0,0,0,78,2026-01-05T14:23:46.484384
d86ef576b60e9a29075f3e438bf83b40,2025,14,08/12/25,A,AC Milan,Torino FC,https://www.transfermarkt.com/fc-turin/spielplan/verein/416/saison_id/2025,https://www.transfermarkt.com/torino-fc_ac-milan/index/spielbericht/4620839,2:3,Second Striker,2,0,0,0,0,24,2026-01-05T14:23:46.485247
d86ef576b60e9a29075f3e438bf83b40,2025,15,14/12/25,H,AC Milan,US Sassuolo,https://www.transfermarkt.com/us-sassuolo/spielplan/verein/6574/saison_id/2025,https://www.transfermarkt.com/ac-milan_us-sassuolo/index/spielbericht/4620847,2:2,Centre-Forward,0,0,0,0,0,73,2026-01-05T14:23:46.485704
d86ef576b60e9a29075f3e438bf83b40,2025,17,28/12/25,H,AC Milan,Hellas Verona,https://www.transfermarkt.com/hellas-verona/spielplan/verein/276/saison_id/2025,https://www.transfermarkt.com/ac-milan_hellas-verona/index/spielbericht/4620866,3:0,Second Striker,1,0,0,0,0,76,2026-01-05T14:23:46.486184
d86ef576b60e9a29075f3e438bf83b40,2025,18,02/01/26,A,AC Milan,Cagliari Calcio,https://www.transfermarkt.com/cagliari-calcio/spielplan/verein/1390/saison_id/2025,https://www.transfermarkt.com/cagliari-calcio_ac-milan/index/spielbericht/4620873,0:1,Second Striker,0,0,0,0,0,11,2026-01-05T14:23:46.486630
b4a552b44965781467db2591fb62e2b3,2025,1,15/08/25,A,Olympique Marseille,Stade Rennais FC,https://www.transfermarkt.com/fc-stade-rennes/spielplan/verein/273/saison_id/2025,https://www.transfermarkt.com/stade-rennais-fc_olympique-marseille/index/spielbericht/4635006,1:0,,0,0,0,0,0,45,2026-01-05T14:25:00.197474
b4a552b44965781467db2591fb62e2b3,2025,2,23/08/25,H,Olympique Marseille,Paris FC,https://www.transfermarkt.com/paris-fc/spielplan/verein/10004/saison_id/2025,https://www.transfermarkt.com/olympique-marseille_paris-fc/index/spielbericht/4635015,5:2,Left Winger,0,0,0,0,0,63,2026-01-05T14:25:00.197982
b4a552b44965781467db2591fb62e2b3,2025,3,31/08/25,A,Olympique Marseille,Olympique Lyon,https://www.transfermarkt.com/olympique-lyon/spielplan/verein/1041/saison_id/2025,https://www.transfermarkt.com/olympique-lyon_olympique-marseille/index/spielbericht/4635032,1:0,Left-Back,0,0,0,0,0,72,2026-01-05T14:25:00.198452
b4a552b44965781467db2591fb62e2b3,2025,4,12/09/25,H,Olympique Marseille,FC Lorient,https://www.transfermarkt.com/fc-lorient/spielplan/verein/1158/saison_id/2025,https://www.transfermarkt.com/olympique-marseille_fc-lorient/index/spielbericht/4635033,4:0,Left Winger,0,0,0,0,0,61,2026-01-05T14:25:00.198920
b4a552b44965781467db2591fb62e2b3,2025,6,26/09/25,A,Olympique Marseille,RC Strasbourg Alsace,https://www.transfermarkt.com/rc-strassburg-alsace/spielplan/verein/667/saison_id/2025,https://www.transfermarkt.com/rc-strasbourg-alsace_olympique-marseille/index/spielbericht/4635051,1:2,Right Winger,0,0,0,0,0,58,2026-01-05T14:25:00.199845
b4a552b44965781467db2591fb62e2b3,2025,7,04/10/25,A,Olympique Marseille,FC Metz,https://www.transfermarkt.com/fc-metz/spielplan/verein/347/saison_id/2025,https://www.transfermarkt.com/fc-metz_olympique-marseille/index/spielbericht/4635061,0:3,Right-Back,0,0,0,0,0,79,2026-01-05T14:25:00.200313
b4a552b44965781467db2591fb62e2b3,2025,8,18/10/25,H,Olympique Marseille,Le Havre AC,https://www.transfermarkt.com/ac-le-havre/spielplan/verein/738/saison_id/2025,https://www.transfermarkt.com/olympique-marseille_le-havre-ac/index/spielbericht/4635069,6:2,,0,0,0,0,0,19,2026-01-05T14:25:00.200763
b4a552b44965781467db2591fb62e2b3,2025,9,25/10/25,A,Olympique Marseille,RC Lens,https://www.transfermarkt.com/rc-lens/spielplan/verein/826/saison_id/2025,https://www.transfermarkt.com/rc-lens_olympique-marseille/index/spielbericht/4635085,2:1,Right-Back,0,1,0,0,0,52,2026-01-05T14:25:00.201247
b4a552b44965781467db2591fb62e2b3,2025,13,21/11/25,A,Olympique Marseille,OGC Nice,https://www.transfermarkt.com/ogc-nizza/spielplan/verein/417/saison_id/2025,https://www.transfermarkt.com/ogc-nice_olympique-marseille/index/spielbericht/4635121,1:5,Right-Back,1,0,0,0,0,90,2026-01-05T14:25:00.202882
b4a552b44965781467db2591fb62e2b3,2025,14,29/11/25,H,Olympique Marseille,FC Toulouse,https://www.transfermarkt.com/fc-toulouse/spielplan/verein/415/saison_id/2025,https://www.transfermarkt.com/olympique-marseille_fc-toulouse/index/spielbericht/4635131,2:2,Right-Back,0,0,0,0,0,90,2026-01-05T14:25:00.203363
b4a552b44965781467db2591fb62e2b3,2025,15,05/12/25,A,Olympique Marseille,LOSC Lille,https://www.transfermarkt.com/losc-lille/spielplan/verein/1082/saison_id/2025,https://www.transfermarkt.com/losc-lille_olympique-marseille/index/spielbericht/4635132,1:0,Right Midfield,0,0,0,0,0,90,2026-01-05T14:25:00.203813
b4a552b44965781467db2591fb62e2b3,2025,16,14/12/25,H,Olympique Marseille,AS Monaco,https://www.transfermarkt.com/as-monaco/spielplan/verein/162/saison_id/2025,https://www.transfermarkt.com/olympique-marseille_as-monaco/index/spielbericht/4635149,1:0,Left Winger,0,0,0,0,0,90,2026-01-05T14:25:00.204276
b4a552b44965781467db2591fb62e2b3,2025,17,04/01/26,H,Olympique Marseille,FC Nantes,https://www.transfermarkt.com/fc-nantes/spielplan/verein/995/saison_id/2025,https://www.transfermarkt.com/olympique-marseille_fc-nantes/index/spielbericht/4635158,0:2,Right Midfield,0,0,0,0,0,90,2026-01-05T14:25:00.204729
cec8b962da829fcc2335420546b54f50,2025,1,12/07/25,A,CF América,FC Juárez,https://www.transfermarkt.com/fc-juarez/spielplan/verein/49283/saison_id/2025,https://www.transfermarkt.com/fc-juarez_cf-america/index/spielbericht/4638567,1:1,Right Winger,1,0,0,0,0,90,2026-01-05T14:25:15.003468
cec8b962da829fcc2335420546b54f50,2025,3,27/07/25,A,CF América,Club Necaxa,https://www.transfermarkt.com/club-necaxa/spielplan/verein/1146/saison_id/2025,https://www.transfermarkt.com/club-necaxa_cf-america/index/spielbericht/4643397,1:1,,0,0,0,0,0,25,2026-01-05T14:25:15.004451
cec8b962da829fcc2335420546b54f50,2025,4,10/08/25,H,CF América,Querétaro FC,https://www.transfermarkt.com/queretaro-fc/spielplan/verein/4961/saison_id/2025,https://www.transfermarkt.com/cf-america_queretaro-fc/index/spielbericht/4643400,1:0,Right Winger,0,0,0,0,0,90,2026-01-05T14:25:15.004932
cec8b962da829fcc2335420546b54f50,2025,7,31/08/25,H,CF América,CF Pachuca,https://www.transfermarkt.com/cf-pachuca/spielplan/verein/4035/saison_id/2025,https://www.transfermarkt.com/cf-america_cf-pachuca/index/spielbericht/4643432,2:0,Right Winger,0,1,0,0,0,90,2026-01-05T14:25:15.006361
cec8b962da829fcc2335420546b54f50,2025,9,21/09/25,A,CF América,CF Monterrey,https://www.transfermarkt.com/cf-monterrey/spielplan/verein/2407/saison_id/2025,https://www.transfermarkt.com/cf-monterrey_cf-america/index/spielbericht/4643451,2:2,Right Winger,0,1,0,0,0,90,2026-01-05T14:25:15.007304
cec8b962da829fcc2335420546b54f50,2025,10,25/09/25,A,CF América,Atlético de San Luis,https://www.transfermarkt.com/atletico-de-san-luis/spielplan/verein/40188/saison_id/2025,https://www.transfermarkt.com/atletico-de-san-luis_cf-america/index/spielbericht/4643460,0:1,,1,0,0,0,0,46,2026-01-05T14:25:15.007756
cec8b962da829fcc2335420546b54f50,2025,11,28/09/25,H,CF América,UNAM Pumas,https://www.transfermarkt.com/unam-pumas/spielplan/verein/7633/saison_id/2025,https://www.transfermarkt.com/cf-america_unam-pumas/index/spielbericht/4643467,4:1,Right Winger,2,0,0,0,0,86,2026-01-05T14:25:15.008227
cec8b962da829fcc2335420546b54f50,2025,12,05/10/25,H,CF América,Santos Laguna,https://www.transfermarkt.com/santos-laguna/spielplan/verein/1403/saison_id/2025,https://www.transfermarkt.com/cf-america_santos-laguna/index/spielbericht/4643477,3:0,Right Winger,0,1,0,0,0,75,2026-01-05T14:25:15.008687
cec8b962da829fcc2335420546b54f50,2025,13,19/10/25,A,CF América,CD Cruz Azul,https://www.transfermarkt.com/cd-cruz-azul/spielplan/verein/3711/saison_id/2025,https://www.transfermarkt.com/cd-cruz-azul_cf-america/index/spielbericht/4643487,2:1,,0,0,0,0,0,17,2026-01-05T14:25:15.009152
cec8b962da829fcc2335420546b54f50,2025,17,09/11/25,A,CF América,Deportivo Toluca,https://www.transfermarkt.com/deportivo-toluca/spielplan/verein/1804/saison_id/2025,https://www.transfermarkt.com/deportivo-toluca_cf-america/index/spielbericht/4643522,2:0,,0,0,0,0,0,45,2026-01-05T14:25:15.010773
0c49bd1bde21d785799d36cd2bf09ae9,2025,1,15/08/25,A,AFC Bournemouth,Liverpool FC,https://www.transfermarkt.com/fc-liverpool/spielplan/verein/31/saison_id/2025,https://www.transfermarkt.com/liverpool-fc_afc-bournemouth/index/spielbericht/4625774,4:2,Defensive Midfield,0,0,0,0,0,90,2026-01-05T14:25:49.462033
0c49bd1bde21d785799d36cd2bf09ae9,2025,5,21/09/25,H,AFC Bournemouth,Newcastle United,https://www.transfermarkt.com/newcastle-united/spielplan/verein/762/saison_id/2025,https://www.transfermarkt.com/afc-bournemouth_newcastle-united/index/spielbericht/4625815,0:0,Defensive Midfield,0,0,0,0,0,90,2026-01-05T14:25:49.463984
0c49bd1bde21d785799d36cd2bf09ae9,2025,6,27/09/25,A,AFC Bournemouth,Leeds United,https://www.transfermarkt.com/leeds-united/spielplan/verein/399/saison_id/2025,https://www.transfermarkt.com/leeds-united_afc-bournemouth/index/spielbericht/4625829,2:2,Defensive Midfield,0,0,0,0,0,81,2026-01-05T14:25:49.464443
0c49bd1bde21d785799d36cd2bf09ae9,2025,7,03/10/25,H,AFC Bournemouth,Fulham FC,https://www.transfermarkt.com/fc-fulham/spielplan/verein/931/saison_id/2025,https://www.transfermarkt.com/afc-bournemouth_fulham-fc/index/spielbericht/4625836,3:1,Defensive Midfield,0,0,0,0,0,78,2026-01-05T14:25:49.464914
0c49bd1bde21d785799d36cd2bf09ae9,2025,9,26/10/25,H,AFC Bournemouth,Nottingham Forest,https://www.transfermarkt.com/nottingham-forest/spielplan/verein/703/saison_id/2025,https://www.transfermarkt.com/afc-bournemouth_nottingham-forest/index/spielbericht/4625856,2:0,Defensive Midfield,0,1,0,0,0,90,2026-01-05T14:25:49.465834
0c49bd1bde21d785799d36cd2bf09ae9,2025,10,02/11/25,A,AFC Bournemouth,Manchester City,https://www.transfermarkt.com/manchester-city/spielplan/verein/281/saison_id/2025,https://www.transfermarkt.com/manchester-city_afc-bournemouth/index/spielbericht/4625869,3:1,Defensive Midfield,1,0,0,0,0,80,2026-01-05T14:25:49.466306
0c49bd1bde21d785799d36cd2bf09ae9,2025,11,09/11/25,A,AFC Bournemouth,Aston Villa,https://www.transfermarkt.com/aston-villa/spielplan/verein/405/saison_id/2025,https://www.transfermarkt.com/aston-villa_afc-bournemouth/index/spielbericht/4625874,4:0,Defensive Midfield,0,0,0,0,0,90,2026-01-05T14:25:49.466753
0c49bd1bde21d785799d36cd2bf09ae9,2025,12,22/11/25,H,AFC Bournemouth,West Ham United,https://www.transfermarkt.com/west-ham-united/spielplan/verein/379/saison_id/2025,https://www.transfermarkt.com/afc-bournemouth_west-ham-united/index/spielbericht/4625885,2:2,Defensive Midfield,0,0,0,0,0,80,2026-01-05T14:25:49.467221
0c49bd1bde21d785799d36cd2bf09ae9,2025,13,29/11/25,A,AFC Bournemouth,Sunderland AFC,https://www.transfermarkt.com/afc-sunderland/spielplan/verein/289/saison_id/2025,https://www.transfermarkt.com/sunderland-afc_afc-bournemouth/index/spielbericht/4625901,3:2,Defensive Midfield,1,0,0,0,0,71,2026-01-05T14:25:49.467675
0c49bd1bde21d785799d36cd2bf09ae9,2025,16,15/12/25,A,AFC Bournemouth,Manchester United,https://www.transfermarkt.com/manchester-united/spielplan/verein/985/saison_id/2025,https://www.transfermarkt.com/manchester-united_afc-bournemouth/index/spielbericht/4625930,4:4,Defensive Midfield,0,0,0,0,0,5,2026-01-05T14:25:49.468976
c0f5aa96dd886f469a4c3d9641d7e7fa,2025,Group Stage,16/09/25,H,Juventus FC,Borussia Dortmund,https://www.transfermarkt.com/borussia-dortmund/spielplan/verein/16/saison_id/2025,https://www.transfermarkt.com/juventus-fc_borussia-dortmund/index/spielbericht/4716774,4:4,Right Midfield,0,0,0,0,0,60,2026-01-05T14:25:57.723738
c0f5aa96dd886f469a4c3d9641d7e7fa,2025,Group Stage,01/10/25,A,Juventus FC,Villarreal CF,https://www.transfermarkt.com/fc-villarreal/spielplan/verein/1050/saison_id/2025,https://www.transfermarkt.com/villarreal-cf_juventus-fc/index/spielbericht/4715035,2:2,Central Midfield,0,0,0,0,0,90,2026-01-05T14:25:57.724249
c0f5aa96dd886f469a4c3d9641d7e7fa,2025,Group Stage,22/10/25,A,Juventus FC,Real Madrid,https://www.transfermarkt.com/real-madrid/spielplan/verein/418/saison_id/2025,https://www.transfermarkt.com/real-madrid_juventus-fc/index/spielbericht/4714979,1:0,Attacking Midfield,0,0,0,0,0,90,2026-01-05T14:25:57.724718
c0f5aa96dd886f469a4c3d9641d7e7fa,2025,Group Stage,04/11/25,H,Juventus FC,Sporting CP,https://www.transfermarkt.com/sporting-lissabon/spielplan/verein/336/saison_id/2025,https://www.transfermarkt.com/juventus-fc_sporting-cp/index/spielbericht/4715008,1:1,Right Midfield,0,0,0,0,0,90,2026-01-05T14:25:57.725206
c0f5aa96dd886f469a4c3d9641d7e7fa,2025,Group Stage,10/12/25,H,Juventus FC,Pafos FC,https://www.transfermarkt.com/pafos-fc/spielplan/verein/45457/saison_id/2025,https://www.transfermarkt.com/juventus-fc_pafos-fc/index/spielbericht/4715007,2:0,Right Midfield,1,0,0,0,0,90,2026-01-05T14:25:57.726183
2b513d677f85cae654bcae694b4a61ad,unknown - season url found but failed to parse,unknown,unknown,unknown,unknown,unknown,unknown,unknown,unknown,unknown,,,,,,,2026-01-05T14:27:07.384957
a1a20d702e05d6a2ecc504e254a2e0ad,unknown - season url found but failed to parse,unknown,unknown,unknown,unknown,unknown,unknown,unknown,unknown,unknown,,,,,,,2026-01-05T14:27:13.609086
ce13ba17ad3752e051bc49cfbaf5ddbc,2025,1,22/08/25,A,Cesena FC,Delfino Pescara 1936,https://www.transfermarkt.com/delfino-pescara-1936/spielplan/verein/2921/saison_id/2025,https://www.transfermarkt.com/delfino-pescara-1936_cesena-fc/index/spielbericht/4692187,1:3,Goalkeeper,0,0,0,0,0,90,2026-01-05T14:27:22.748658
ce13ba17ad3752e051bc49cfbaf5ddbc,2025,2,30/08/25,H,Cesena FC,Virtus Entella,https://www.transfermarkt.com/virtus-entella/spielplan/verein/20519/saison_id/2025,https://www.transfermarkt.com/cesena-fc_virtus-entella/index/spielbericht/4692194,1:1,Goalkeeper,0,0,0,0,0,90,2026-01-05T14:27:22.749151
ce13ba17ad3752e051bc49cfbaf5ddbc,2025,3,13/09/25,A,Cesena FC,UC Sampdoria,https://www.transfermarkt.com/sampdoria-genua/spielplan/verein/1038/saison_id/2025,https://www.transfermarkt.com/uc-sampdoria_cesena-fc/index/spielbericht/4692216,1:2,Goalkeeper,0,0,0,0,0,90,2026-01-05T14:27:22.749598
ce13ba17ad3752e051bc49cfbaf5ddbc,2025,4,20/09/25,A,Cesena FC,Venezia FC,https://www.transfermarkt.com/venezia-fc/spielplan/verein/607/saison_id/2025,https://www.transfermarkt.com/venezia-fc_cesena-fc/index/spielbericht/4692228,1:2,Goalkeeper,0,0,0,0,0,90,2026-01-05T14:27:22.750063
ce13ba17ad3752e051bc49cfbaf5ddbc,2025,5,27/09/25,H,Cesena FC,Palermo FC,https://www.transfermarkt.com/palermo-fc/spielplan/verein/458/saison_id/2025,https://www.transfermarkt.com/cesena-fc_palermo-fc/index/spielbericht/4692248,1:1,Goalkeeper,0,0,0,0,0,90,2026-01-05T14:27:22.750513
ce13ba17ad3752e051bc49cfbaf5ddbc,2025,6,30/09/25,A,Cesena FC,Frosinone Calcio,https://www.transfermarkt.com/frosinone-calcio/spielplan/verein/8970/saison_id/2025,https://www.transfermarkt.com/frosinone-calcio_cesena-fc/index/spielbericht/4692257,3:1,Goalkeeper,0,0,0,0,0,90,2026-01-05T14:27:22.750973
ce13ba17ad3752e051bc49cfbaf5ddbc,2025,7,04/10/25,H,Cesena FC,AC Reggiana 1919,https://www.transfermarkt.com/ac-reggiana-1919/spielplan/verein/5621/saison_id/2025,https://www.transfermarkt.com/cesena-fc_ac-reggiana-1919/index/spielbericht/4692268,1:2,Goalkeeper,0,0,0,0,0,90,2026-01-05T14:27:22.751416
ce13ba17ad3752e051bc49cfbaf5ddbc,2025,9,25/10/25,A,Cesena FC,FC Südtirol,https://www.transfermarkt.com/fc-sudtirol/spielplan/verein/4554/saison_id/2025,https://www.transfermarkt.com/fc-sudtirol_cesena-fc/index/spielbericht/4692293,0:1,Goalkeeper,0,0,0,0,0,90,2026-01-05T14:27:22.752336
ce13ba17ad3752e051bc49cfbaf5ddbc,2025,10,28/10/25,H,Cesena FC,Carrarese Calcio 1908,https://www.transfermarkt.com/carrarese-calcio-1908/spielplan/verein/4159/saison_id/2025,https://www.transfermarkt.com/cesena-fc_carrarese-calcio-1908/index/spielbericht/4692295,2:1,Goalkeeper,0,0,0,0,0,90,2026-01-05T14:27:22.752781
ce13ba17ad3752e051bc49cfbaf5ddbc,2025,11,02/11/25,A,Cesena FC,SSC Bari,https://www.transfermarkt.com/ssc-bari/spielplan/verein/332/saison_id/2025,https://www.transfermarkt.com/ssc-bari_cesena-fc/index/spielbericht/4692306,1:0,Goalkeeper,0,0,0,0,0,90,2026-01-05T14:27:22.753248
ce13ba17ad3752e051bc49cfbaf5ddbc,2025,12,09/11/25,H,Cesena FC,US Avellino 1912,https://www.transfermarkt.com/us-avellino-1912/spielplan/verein/2331/saison_id/2025,https://www.transfermarkt.com/cesena-fc_us-avellino-1912/index/spielbericht/4692315,3:0,Goalkeeper,0,0,0,0,0,90,2026-01-05T14:27:22.753690
ce13ba17ad3752e051bc49cfbaf5ddbc,2025,13,23/11/25,A,Cesena FC,AC Monza,https://www.transfermarkt.com/ac-monza/spielplan/verein/2919/saison_id/2025,https://www.transfermarkt.com/ac-monza_cesena-fc/index/spielbericht/4692331,1:0,Goalkeeper,0,0,0,0,0,90,2026-01-05T14:27:22.754153
ce13ba17ad3752e051bc49cfbaf5ddbc,2025,14,28/11/25,H,Cesena FC,Modena FC,https://www.transfermarkt.com/modena-fc-2018/spielplan/verein/1385/saison_id/2025,https://www.transfermarkt.com/cesena-fc_modena-fc/index/spielbericht/4692336,1:0,Goalkeeper,0,1,0,0,0,90,2026-01-05T14:27:22.754607
ce13ba17ad3752e051bc49cfbaf5ddbc,2025,15,08/12/25,A,Cesena FC,Calcio Padova,https://www.transfermarkt.com/calcio-padova/spielplan/verein/3037/saison_id/2025,https://www.transfermarkt.com/calcio-padova_cesena-fc/index/spielbericht/4692352,1:1,Goalkeeper,0,0,0,0,0,90,2026-01-05T14:27:22.755072
ce13ba17ad3752e051bc49cfbaf5ddbc,2025,16,13/12/25,H,Cesena FC,Mantova 1911,https://www.transfermarkt.com/mantova-1911/spielplan/verein/2581/saison_id/2025,https://www.transfermarkt.com/cesena-fc_mantova-1911/index/spielbericht/4692357,3:2,Goalkeeper,0,0,0,0,0,90,2026-01-05T14:27:22.755516
ce13ba17ad3752e051bc49cfbaf5ddbc,2025,17,20/12/25,H,Cesena FC,SS Juve Stabia,https://www.transfermarkt.com/ss-juve-stabia/spielplan/verein/5587/saison_id/2025,https://www.transfermarkt.com/cesena-fc_ss-juve-stabia/index/spielbericht/4692367,1:1,Goalkeeper,0,0,0,0,0,90,2026-01-05T14:27:22.755976
ce13ba17ad3752e051bc49cfbaf5ddbc,2025,18,27/12/25,A,Cesena FC,US Catanzaro,https://www.transfermarkt.com/us-catanzaro/spielplan/verein/4097/saison_id/2025,https://www.transfermarkt.com/us-catanzaro_cesena-fc/index/spielbericht/4692377,2:0,Goalkeeper,0,0,0,0,0,90,2026-01-05T14:27:22.756420
3abaf280fbe70a8916523d8fd0b56ab5,unknown - season url found but failed to parse,unknown,unknown,unknown,unknown,unknown,unknown,unknown,unknown,unknown,,,,,,,2026-01-05T14:27:30.495345
c318749e654c677395eacd41c1627f0b,unknown - season url found but failed to parse,unknown,unknown,unknown,unknown,unknown,unknown,unknown,unknown,unknown,,,,,,,2026-01-05T14:27:42.773639
fcfbbf38944d9efd16d411e65a459efb,2025,3,11/10/25,H,United States,Ecuador,https://www.transfermarkt.com/ecuador/spielplan/verein/5750/saison_id/2025,https://www.transfermarkt.com/united-states_ecuador/index/spielbericht/4740786,1:1,,0,0,0,0,0,17,2026-01-05T14:28:48.400202
fcfbbf38944d9efd16d411e65a459efb,2025,4,15/10/25,H,United States,Australia,https://www.transfermarkt.com/australien/spielplan/verein/3433/saison_id/2025,https://www.transfermarkt.com/united-states_australia/index/spielbericht/4740818,2:1,Centre-Back,0,0,0,0,0,90,2026-01-05T14:28:48.400631
fcfbbf38944d9efd16d411e65a459efb,2025,6,19/11/25,H,United States,Uruguay,https://www.transfermarkt.com/uruguay/spielplan/verein/3449/saison_id/2025,https://www.transfermarkt.com/united-states_uruguay/index/spielbericht/4740843,5:1,Centre-Back,0,0,0,0,0,90,2026-01-05T14:28:48.401399
321431b71dddf16f9f347b6acb344754,2025,Group Stage,06/11/25,A,Celtic FC,FC Midtjylland,https://www.transfermarkt.com/fc-midtjylland/spielplan/verein/865/saison_id/2025,https://www.transfermarkt.com/fc-midtjylland_celtic-fc/index/spielbericht/4716255,3:1,Centre-Back,0,0,0,0,0,90,2026-01-05T14:28:57.722188
321431b71dddf16f9f347b6acb344754,2025,Group Stage,27/11/25,A,Celtic FC,Feyenoord Rotterdam,https://www.transfermarkt.com/feyenoord-rotterdam/spielplan/verein/234/saison_id/2025,https://www.transfermarkt.com/feyenoord-rotterdam_celtic-fc/index/spielbericht/4715928,1:3,Centre-Back,0,0,0,0,0,90,2026-01-05T14:28:57.722649
321431b71dddf16f9f347b6acb344754,2025,Group Stage,11/12/25,H,Celtic FC,AS Roma,https://www.transfermarkt.com/as-rom/spielplan/verein/12/saison_id/2025,https://www.transfermarkt.com/celtic-fc_as-roma/index/spielbericht/4715979,0:3,Centre-Back,0,0,0,0,0,90,2026-01-05T14:28:57.723116
27e8de5bfc8ddfd25cd59f53ab587586,unknown - season url found but failed to parse,unknown,unknown,unknown,unknown,unknown,unknown,unknown,unknown,unknown,,,,,,,2026-01-05T14:29:10.206118
8b543e31b90a7ff6ee46f32b3013c51a,unknown - season url found but failed to parse,unknown,unknown,unknown,unknown,unknown,unknown,unknown,unknown,unknown,,,,,,,2026-01-05T14:29:19.854784
15f44292c192c267326a9a9f1c2693c4,2025,1,02/08/25,A,Holstein Kiel,SC Paderborn 07,https://www.transfermarkt.com/sc-paderborn-07/spielplan/verein/127/saison_id/2025,https://www.transfermarkt.com/sc-paderborn-07_holstein-kiel/index/spielbericht/4634291,2:1,Left Midfield,0,0,0,0,0,90,2026-01-05T14:29:33.084151
15f44292c192c267326a9a9f1c2693c4,2025,2,10/08/25,H,Holstein Kiel,Arminia Bielefeld,https://www.transfermarkt.com/arminia-bielefeld/spielplan/verein/10/saison_id/2025,https://www.transfermarkt.com/holstein-kiel_arminia-bielefeld/index/spielbericht/4634315,0:2,Left Midfield,0,0,0,0,0,45,2026-01-05T14:29:33.084653
15f44292c192c267326a9a9f1c2693c4,2025,3,24/08/25,A,Holstein Kiel,SpVgg Greuther Fürth,https://www.transfermarkt.com/spvgg-greuther-furth/spielplan/verein/65/saison_id/2025,https://www.transfermarkt.com/spvgg-greuther-furth_holstein-kiel/index/spielbericht/4634338,0:2,Left Midfield,1,0,0,0,0,90,2026-01-05T14:29:33.085143
15f44292c192c267326a9a9f1c2693c4,2025,4,30/08/25,H,Holstein Kiel,Hannover 96,https://www.transfermarkt.com/hannover-96/spielplan/verein/42/saison_id/2025,https://www.transfermarkt.com/holstein-kiel_hannover-96/index/spielbericht/4634351,1:2,Right Midfield,0,1,0,0,0,90,2026-01-05T14:29:33.085609
15f44292c192c267326a9a9f1c2693c4,2025,5,13/09/25,A,Holstein Kiel,FC Schalke 04,https://www.transfermarkt.com/fc-schalke-04/spielplan/verein/33/saison_id/2025,https://www.transfermarkt.com/fc-schalke-04_holstein-kiel/index/spielbericht/4634375,0:1,Left Midfield,0,0,0,0,0,90,2026-01-05T14:29:33.086074
15f44292c192c267326a9a9f1c2693c4,2025,6,21/09/25,H,Holstein Kiel,Karlsruher SC,https://www.transfermarkt.com/karlsruher-sc/spielplan/verein/48/saison_id/2025,https://www.transfermarkt.com/holstein-kiel_karlsruher-sc/index/spielbericht/4634396,3:0,Left Midfield,0,1,0,0,0,74,2026-01-05T14:29:33.086532
15f44292c192c267326a9a9f1c2693c4,2025,7,27/09/25,A,Holstein Kiel,SV 07 Elversberg,https://www.transfermarkt.com/sv-07-elversberg/spielplan/verein/64/saison_id/2025,https://www.transfermarkt.com/sv-07-elversberg_holstein-kiel/index/spielbericht/4634415,1:0,Left Midfield,0,0,0,0,0,90,2026-01-05T14:29:33.086996
15f44292c192c267326a9a9f1c2693c4,2025,8,04/10/25,H,Holstein Kiel,SV Darmstadt 98,https://www.transfermarkt.com/sv-darmstadt-98/spielplan/verein/105/saison_id/2025,https://www.transfermarkt.com/holstein-kiel_sv-darmstadt-98/index/spielbericht/4634432,1:1,Left Midfield,0,0,0,0,0,62,2026-01-05T14:29:33.087452
15f44292c192c267326a9a9f1c2693c4,2025,10,25/10/25,H,Holstein Kiel,VfL Bochum,https://www.transfermarkt.com/vfl-bochum/spielplan/verein/80/saison_id/2025,https://www.transfermarkt.com/holstein-kiel_vfl-bochum/index/spielbericht/4634468,1:1,Left Midfield,0,0,0,0,0,65,2026-01-05T14:29:33.088303
15f44292c192c267326a9a9f1c2693c4,2025,11,31/10/25,A,Holstein Kiel,Preußen Münster,https://www.transfermarkt.com/preussen-munster/spielplan/verein/91/saison_id/2025,https://www.transfermarkt.com/preussen-munster_holstein-kiel/index/spielbericht/4634494,2:1,Left Midfield,0,0,0,0,0,86,2026-01-05T14:29:33.088756
15f44292c192c267326a9a9f1c2693c4,2025,12,09/11/25,H,Holstein Kiel,Fortuna Düsseldorf,https://www.transfermarkt.com/fortuna-dusseldorf/spielplan/verein/38/saison_id/2025,https://www.transfermarkt.com/holstein-kiel_fortuna-dusseldorf/index/spielbericht/4634504,1:0,Left Midfield,0,0,0,0,0,90,2026-01-05T14:29:33.089224
15f44292c192c267326a9a9f1c2693c4,2025,13,23/11/25,A,Holstein Kiel,1.FC Kaiserslautern,https://www.transfermarkt.com/1-fc-kaiserslautern/spielplan/verein/2/saison_id/2025,https://www.transfermarkt.com/1-fc-kaiserslautern_holstein-kiel/index/spielbericht/4634525,4:1,Left Midfield,0,0,0,0,0,90,2026-01-05T14:29:33.089672
15f44292c192c267326a9a9f1c2693c4,2025,14,29/11/25,H,Holstein Kiel,Hertha BSC,https://www.transfermarkt.com/hertha-bsc/spielplan/verein/44/saison_id/2025,https://www.transfermarkt.com/holstein-kiel_hertha-bsc/index/spielbericht/4634540,0:1,Left Midfield,0,0,0,0,0,74,2026-01-05T14:29:33.090139
15f44292c192c267326a9a9f1c2693c4,2025,16,13/12/25,A,Holstein Kiel,1.FC Magdeburg,https://www.transfermarkt.com/1-fc-magdeburg/spielplan/verein/187/saison_id/2025,https://www.transfermarkt.com/1-fc-magdeburg_holstein-kiel/index/spielbericht/4634572,3:3,Right Midfield,0,0,0,0,0,90,2026-01-05T14:29:33.091071
15f44292c192c267326a9a9f1c2693c4,2025,17,20/12/25,H,Holstein Kiel,SG Dynamo Dresden,https://www.transfermarkt.com/sg-dynamo-dresden/spielplan/verein/129/saison_id/2025,https://www.transfermarkt.com/holstein-kiel_sg-dynamo-dresden/index/spielbericht/4634580,2:1,Left Midfield,0,0,0,0,0,27,2026-01-05T14:29:33.091520
1dedbe1fb28035f9870913e42cfc56ea,2025,2,17/08/25,A,PSV Eindhoven,Twente Enschede FC,https://www.transfermarkt.com/fc-twente-enschede/spielplan/verein/317/saison_id/2025,https://www.transfermarkt.com/twente-enschede-fc_psv-eindhoven/index/spielbericht/4641420,0:2,Right-Back,0,1,0,0,0,90,2026-01-05T14:30:46.014371
1dedbe1fb28035f9870913e42cfc56ea,2025,3,23/08/25,H,PSV Eindhoven,FC Groningen,https://www.transfermarkt.com/fc-groningen/spielplan/verein/202/saison_id/2025,https://www.transfermarkt.com/psv-eindhoven_fc-groningen/index/spielbericht/4641443,4:2,Left-Back,0,1,0,0,0,90,2026-01-05T14:30:46.014856
1dedbe1fb28035f9870913e42cfc56ea,2025,4,30/08/25,H,PSV Eindhoven,SC Telstar,https://www.transfermarkt.com/sc-telstar/spielplan/verein/1434/saison_id/2025,https://www.transfermarkt.com/psv-eindhoven_sc-telstar/index/spielbericht/4641463,0:2,Left-Back,0,0,0,0,0,90,2026-01-05T14:30:46.015326
1dedbe1fb28035f9870913e42cfc56ea,2025,6,21/09/25,H,PSV Eindhoven,Ajax Amsterdam,https://www.transfermarkt.com/ajax-amsterdam/spielplan/verein/610/saison_id/2025,https://www.transfermarkt.com/psv-eindhoven_ajax-amsterdam/index/spielbericht/4641475,2:2,Right-Back,0,0,0,0,0,69,2026-01-05T14:30:46.016241
1dedbe1fb28035f9870913e42cfc56ea,2025,9,18/10/25,H,PSV Eindhoven,Go Ahead Eagles,https://www.transfermarkt.com/go-ahead-eagles-deventer/spielplan/verein/1435/saison_id/2025,https://www.transfermarkt.com/psv-eindhoven_go-ahead-eagles/index/spielbericht/4641486,2:1,Right-Back,0,0,0,0,0,90,2026-01-05T14:30:46.017509
1dedbe1fb28035f9870913e42cfc56ea,2025,11,31/10/25,H,PSV Eindhoven,Fortuna Sittard,https://www.transfermarkt.com/fortuna-sittard/spielplan/verein/385/saison_id/2025,https://www.transfermarkt.com/psv-eindhoven_fortuna-sittard/index/spielbericht/4641619,5:2,Right-Back,0,0,0,0,0,90,2026-01-05T14:30:46.018420
1dedbe1fb28035f9870913e42cfc56ea,2025,12,09/11/25,A,PSV Eindhoven,AZ Alkmaar,https://www.transfermarkt.com/az-alkmaar/spielplan/verein/1090/saison_id/2025,https://www.transfermarkt.com/az-alkmaar_psv-eindhoven/index/spielbericht/4641679,1:5,Right-Back,0,0,0,0,0,90,2026-01-05T14:30:46.018867
1dedbe1fb28035f9870913e42cfc56ea,2025,13,22/11/25,A,PSV Eindhoven,NAC Breda,https://www.transfermarkt.com/nac-breda/spielplan/verein/132/saison_id/2025,https://www.transfermarkt.com/nac-breda_psv-eindhoven/index/spielbericht/4641642,0:1,Right-Back,0,0,0,0,0,90,2026-01-05T14:30:46.019325
1dedbe1fb28035f9870913e42cfc56ea,2025,14,30/11/25,H,PSV Eindhoven,FC Volendam,https://www.transfermarkt.com/fc-volendam/spielplan/verein/724/saison_id/2025,https://www.transfermarkt.com/psv-eindhoven_fc-volendam/index/spielbericht/4641671,3:0,Right-Back,0,0,0,0,0,90,2026-01-05T14:30:46.019766
1dedbe1fb28035f9870913e42cfc56ea,2025,15,06/12/25,A,PSV Eindhoven,SC Heerenveen,https://www.transfermarkt.com/sc-heerenveen/spielplan/verein/306/saison_id/2025,https://www.transfermarkt.com/sc-heerenveen_psv-eindhoven/index/spielbericht/4641662,0:2,Right-Back,0,0,0,0,0,90,2026-01-05T14:30:46.020223
1dedbe1fb28035f9870913e42cfc56ea,2025,16,13/12/25,H,PSV Eindhoven,Heracles Almelo,https://www.transfermarkt.com/heracles-almelo/spielplan/verein/1304/saison_id/2025,https://www.transfermarkt.com/psv-eindhoven_heracles-almelo/index/spielbericht/4641508,4:3,Right-Back,0,1,0,0,0,90,2026-01-05T14:30:46.020676
1dedbe1fb28035f9870913e42cfc56ea,2025,17,21/12/25,A,PSV Eindhoven,FC Utrecht,https://www.transfermarkt.com/fc-utrecht/spielplan/verein/200/saison_id/2025,https://www.transfermarkt.com/fc-utrecht_psv-eindhoven/index/spielbericht/4641494,1:2,Right-Back,0,1,0,0,0,90,2026-01-05T14:30:46.021135
8d93179237a18bf55d090c32e3ad6d39,2025,5,27/09/25,H,Borussia Mönchengladbach,Eintracht Frankfurt,https://www.transfermarkt.com/eintracht-frankfurt/spielplan/verein/24/saison_id/2025,https://www.transfermarkt.com/borussia-monchengladbach_eintracht-frankfurt/index/spielbericht/4634167,4:6,Right Midfield,0,2,0,0,0,90,2026-01-05T14:30:58.744074
8d93179237a18bf55d090c32e3ad6d39,2025,7,17/10/25,A,Borussia Mönchengladbach,1.FC Union Berlin,https://www.transfermarkt.com/1-fc-union-berlin/spielplan/verein/89/saison_id/2025,https://www.transfermarkt.com/1-fc-union-berlin_borussia-monchengladbach/index/spielbericht/4634187,3:1,Right-Back,0,0,0,0,0,90,2026-01-05T14:30:58.744998
8d93179237a18bf55d090c32e3ad6d39,2025,8,25/10/25,H,Borussia Mönchengladbach,Bayern Munich,https://www.transfermarkt.com/fc-bayern-munchen/spielplan/verein/27/saison_id/2025,https://www.transfermarkt.com/borussia-monchengladbach_bayern-munich/index/spielbericht/4634196,0:3,Right-Back,0,0,0,0,0,14,2026-01-05T14:30:58.745447
8d93179237a18bf55d090c32e3ad6d39,2025,9,01/11/25,A,Borussia Mönchengladbach,FC St. Pauli,https://www.transfermarkt.com/fc-st-pauli/spielplan/verein/35/saison_id/2025,https://www.transfermarkt.com/fc-st-pauli_borussia-monchengladbach/index/spielbericht/4634206,0:4,Right Midfield,0,0,0,0,0,78,2026-01-05T14:30:58.745912
8d93179237a18bf55d090c32e3ad6d39,2025,10,08/11/25,H,Borussia Mönchengladbach,1.FC Köln,https://www.transfermarkt.com/1-fc-koln/spielplan/verein/3/saison_id/2025,https://www.transfermarkt.com/borussia-monchengladbach_1-fc-koln/index/spielbericht/4634214,3:1,Right Midfield,0,0,0,0,0,90,2026-01-05T14:30:58.746361
8d93179237a18bf55d090c32e3ad6d39,2025,11,22/11/25,A,Borussia Mönchengladbach,1.FC Heidenheim 1846,https://www.transfermarkt.com/1-fc-heidenheim-1846/spielplan/verein/2036/saison_id/2025,https://www.transfermarkt.com/1-fc-heidenheim-1846_borussia-monchengladbach/index/spielbericht/4634225,0:3,Centre-Back,0,0,0,0,0,90,2026-01-05T14:30:58.746829
8d93179237a18bf55d090c32e3ad6d39,2025,12,28/11/25,H,Borussia Mönchengladbach,RB Leipzig,https://www.transfermarkt.com/rasenballsport-leipzig/spielplan/verein/23826/saison_id/2025,https://www.transfermarkt.com/borussia-monchengladbach_rb-leipzig/index/spielbericht/4634232,0:0,Right-Back,0,0,0,0,0,90,2026-01-05T14:30:58.747288
8d93179237a18bf55d090c32e3ad6d39,2025,15,19/12/25,A,Borussia Mönchengladbach,Borussia Dortmund,https://www.transfermarkt.com/borussia-dortmund/spielplan/verein/16/saison_id/2025,https://www.transfermarkt.com/borussia-dortmund_borussia-monchengladbach/index/spielbericht/4634254,2:0,Right Midfield,0,0,0,0,0,90,2026-01-05T14:30:58.748578
424c8623840d907447527f083741d3ec,unknown - season url found but failed to parse,unknown,unknown,unknown,unknown,unknown,unknown,unknown,unknown,unknown,,,,,,,2026-01-05T14:31:04.841954
208ac89d5698d23c31bfa8203a17c65b,2025,Group Stage,02/10/25,H,Olympique Lyon,Red Bull Salzburg,https://www.transfermarkt.com/red-bull-salzburg/spielplan/verein/409/saison_id/2025,https://www.transfermarkt.com/olympique-lyon_red-bull-salzburg/index/spielbericht/4715963,2:0,Defensive Midfield,0,0,0,0,0,69,2026-01-05T14:31:25.095974
208ac89d5698d23c31bfa8203a17c65b,2025,Group Stage,23/10/25,H,Olympique Lyon,FC Basel 1893,https://www.transfermarkt.com/fc-basel-1893/spielplan/verein/26/saison_id/2025,https://www.transfermarkt.com/olympique-lyon_fc-basel-1893/index/spielbericht/4715965,2:0,Defensive Midfield,0,0,0,0,0,45,2026-01-05T14:31:25.096455
208ac89d5698d23c31bfa8203a17c65b,2025,Group Stage,06/11/25,A,Olympique Lyon,Real Betis Balompié,https://www.transfermarkt.com/real-betis-sevilla/spielplan/verein/150/saison_id/2025,https://www.transfermarkt.com/real-betis-balompie_olympique-lyon/index/spielbericht/4715940,2:0,Defensive Midfield,0,0,0,0,0,65,2026-01-05T14:31:25.096944
208ac89d5698d23c31bfa8203a17c65b,2025,Group Stage,27/11/25,A,Olympique Lyon,Maccabi Tel Aviv,https://www.transfermarkt.com/maccabi-tel-aviv/spielplan/verein/119/saison_id/2025,https://www.transfermarkt.com/maccabi-tel-aviv_olympique-lyon/index/spielbericht/4715984,0:6,Centre-Back,0,0,0,0,0,90,2026-01-05T14:31:25.097405
fd0fc285795d5bd2c8e27eff979d50be,2025,3,11/10/25,H,United States,Ecuador,https://www.transfermarkt.com/ecuador/spielplan/verein/5750/saison_id/2025,https://www.transfermarkt.com/united-states_ecuador/index/spielbericht/4740786,1:1,Central Midfield,0,0,0,0,0,73,2026-01-05T14:31:39.052658
fd0fc285795d5bd2c8e27eff979d50be,2025,4,15/10/25,H,United States,Australia,https://www.transfermarkt.com/australien/spielplan/verein/3433/saison_id/2025,https://www.transfermarkt.com/united-states_australia/index/spielbericht/4740818,2:1,,0,0,0,0,0,14,2026-01-05T14:31:39.053111
fd0fc285795d5bd2c8e27eff979d50be,2025,5,15/11/25,H,United States,Paraguay,https://www.transfermarkt.com/paraguay/spielplan/verein/3581/saison_id/2025,https://www.transfermarkt.com/united-states_paraguay/index/spielbericht/4763206,2:1,,0,0,0,0,0,15,2026-01-05T14:31:39.053532
fd0fc285795d5bd2c8e27eff979d50be,2025,6,19/11/25,H,United States,Uruguay,https://www.transfermarkt.com/uruguay/spielplan/verein/3449/saison_id/2025,https://www.transfermarkt.com/united-states_uruguay/index/spielbericht/4740843,5:1,Central Midfield,0,0,0,0,0,89,2026-01-05T14:31:39.053969
7414dc55c1811f36322567cfe6fd4e34,unknown - season url found but failed to parse,unknown,unknown,unknown,unknown,unknown,unknown,unknown,unknown,unknown,,,,,,,2026-01-05T14:32:45.522449
debfe91377979f42ebdacff8cbae8331,unknown - season url found but failed to parse,unknown,unknown,unknown,unknown,unknown,unknown,unknown,unknown,unknown,,,,,,,2026-01-05T14:32:54.092955
ce1cf8132648828281085f6415211f7d,2025,5,15/11/25,H,United States,Paraguay,https://www.transfermarkt.com/paraguay/spielplan/verein/3581/saison_id/2025,https://www.transfermarkt.com/united-states_paraguay/index/spielbericht/4763206,2:1,,0,0,0,0,0,15,2026-01-05T14:33:20.574708
ce1cf8132648828281085f6415211f7d,2025,6,19/11/25,H,United States,Uruguay,https://www.transfermarkt.com/uruguay/spielplan/verein/3449/saison_id/2025,https://www.transfermarkt.com/united-states_uruguay/index/spielbericht/4740843,5:1,Attacking Midfield,0,0,0,0,0,75,2026-01-05T14:33:20.575145
6388281fe3d1f9c71643d8d6afc6782a,unknown - season url found but failed to parse,unknown,unknown,unknown,unknown,unknown,unknown,unknown,unknown,unknown,,,,,,,2026-01-05T14:33:37.382246
f7688f09fc19837be376dfb7340ebc9f,2025,4,15/10/25,H,United States,Australia,https://www.transfermarkt.com/australien/spielplan/verein/3433/saison_id/2025,https://www.transfermarkt.com/united-states_australia/index/spielbericht/4740818,2:1,,0,0,0,0,0,26,2026-01-05T14:33:43.413644
f7688f09fc19837be376dfb7340ebc9f,2025,5,15/11/25,H,United States,Paraguay,https://www.transfermarkt.com/paraguay/spielplan/verein/3581/saison_id/2025,https://www.transfermarkt.com/united-states_paraguay/index/spielbericht/4763206,2:1,Attacking Midfield,0,0,0,0,0,80,2026-01-05T14:33:43.414092
f7688f09fc19837be376dfb7340ebc9f,2025,6,19/11/25,H,United States,Uruguay,https://www.transfermarkt.com/uruguay/spielplan/verein/3449/saison_id/2025,https://www.transfermarkt.com/united-states_uruguay/index/spielbericht/4740843,5:1,,0,0,0,0,0,15,2026-01-05T14:33:43.414499
23a9e43e26268ce4ec63a46af4a466bf,2025,3,14/09/25,H,Borussia Mönchengladbach,SV Werder Bremen,https://www.transfermarkt.com/sv-werder-bremen/spielplan/verein/86/saison_id/2025,https://www.transfermarkt.com/borussia-monchengladbach_sv-werder-bremen/index/spielbericht/4634150,0:4,Attacking Midfield,0,0,0,0,0,74,2026-01-05T14:34:50.879299
23a9e43e26268ce4ec63a46af4a466bf,2025,4,21/09/25,A,Borussia Mönchengladbach,Bayer 04 Leverkusen,https://www.transfermarkt.com/bayer-04-leverkusen/spielplan/verein/15/saison_id/2025,https://www.transfermarkt.com/bayer-04-leverkusen_borussia-monchengladbach/index/spielbericht/4634155,1:1,Attacking Midfield,0,0,0,0,0,10,2026-01-05T14:34:50.879765
23a9e43e26268ce4ec63a46af4a466bf,2025,8,25/10/25,H,Borussia Mönchengladbach,Bayern Munich,https://www.transfermarkt.com/fc-bayern-munchen/spielplan/verein/27/saison_id/2025,https://www.transfermarkt.com/borussia-monchengladbach_bayern-munich/index/spielbericht/4634196,0:3,Attacking Midfield,0,0,0,0,0,6,2026-01-05T14:34:50.881475
23a9e43e26268ce4ec63a46af4a466bf,2025,9,01/11/25,A,Borussia Mönchengladbach,FC St. Pauli,https://www.transfermarkt.com/fc-st-pauli/spielplan/verein/35/saison_id/2025,https://www.transfermarkt.com/fc-st-pauli_borussia-monchengladbach/index/spielbericht/4634206,0:4,Attacking Midfield,0,0,0,0,0,11,2026-01-05T14:34:50.881948
23a9e43e26268ce4ec63a46af4a466bf,2025,10,08/11/25,H,Borussia Mönchengladbach,1.FC Köln,https://www.transfermarkt.com/1-fc-koln/spielplan/verein/3/saison_id/2025,https://www.transfermarkt.com/borussia-monchengladbach_1-fc-koln/index/spielbericht/4634214,3:1,,0,0,0,0,0,15,2026-01-05T14:34:50.882393
23a9e43e26268ce4ec63a46af4a466bf,2025,11,22/11/25,A,Borussia Mönchengladbach,1.FC Heidenheim 1846,https://www.transfermarkt.com/1-fc-heidenheim-1846/spielplan/verein/2036/saison_id/2025,https://www.transfermarkt.com/1-fc-heidenheim-1846_borussia-monchengladbach/index/spielbericht/4634225,0:3,Attacking Midfield,0,0,0,0,0,18,2026-01-05T14:34:50.882859
23a9e43e26268ce4ec63a46af4a466bf,2025,12,28/11/25,H,Borussia Mönchengladbach,RB Leipzig,https://www.transfermarkt.com/rasenballsport-leipzig/spielplan/verein/23826/saison_id/2025,https://www.transfermarkt.com/borussia-monchengladbach_rb-leipzig/index/spielbericht/4634232,0:0,,0,0,0,0,0,17,2026-01-05T14:34:50.883320
23a9e43e26268ce4ec63a46af4a466bf,2025,13,05/12/25,A,Borussia Mönchengladbach,1.FSV Mainz 05,https://www.transfermarkt.com/1-fsv-mainz-05/spielplan/verein/39/saison_id/2025,https://www.transfermarkt.com/1-fsv-mainz-05_borussia-monchengladbach/index/spielbericht/4634237,0:1,Attacking Midfield,0,0,0,0,0,69,2026-01-05T14:34:50.883768
23a9e43e26268ce4ec63a46af4a466bf,2025,14,13/12/25,H,Borussia Mönchengladbach,VfL Wolfsburg,https://www.transfermarkt.com/vfl-wolfsburg/spielplan/verein/82/saison_id/2025,https://www.transfermarkt.com/borussia-monchengladbach_vfl-wolfsburg/index/spielbericht/4634250,1:3,Attacking Midfield,0,1,0,0,0,57,2026-01-05T14:34:50.884240
23a9e43e26268ce4ec63a46af4a466bf,2025,15,19/12/25,A,Borussia Mönchengladbach,Borussia Dortmund,https://www.transfermarkt.com/borussia-dortmund/spielplan/verein/16/saison_id/2025,https://www.transfermarkt.com/borussia-dortmund_borussia-monchengladbach/index/spielbericht/4634254,2:0,Second Striker,0,0,0,0,0,65,2026-01-05T14:34:50.884684
ec363860130a78f424bcee9b500ba85a,unknown - season url found but failed to parse,unknown,unknown,unknown,unknown,unknown,unknown,unknown,unknown,unknown,,,,,,,2026-01-05T14:35:01.608109
91228c2a9fd8778938b74b0dec4f7772,2025,2,24/08/25,A,AS Monaco,LOSC Lille,https://www.transfermarkt.com/losc-lille/spielplan/verein/1082/saison_id/2025,https://www.transfermarkt.com/losc-lille_as-monaco/index/spielbericht/4635016,1:0,Centre-Forward,0,0,0,0,0,90,2026-01-05T14:35:22.166811
91228c2a9fd8778938b74b0dec4f7772,2025,3,31/08/25,H,AS Monaco,RC Strasbourg Alsace,https://www.transfermarkt.com/rc-strassburg-alsace/spielplan/verein/667/saison_id/2025,https://www.transfermarkt.com/as-monaco_rc-strasbourg-alsace/index/spielbericht/4635025,3:2,Centre-Forward,1,0,0,0,0,90,2026-01-05T14:35:22.167334
91228c2a9fd8778938b74b0dec4f7772,2025,4,13/09/25,A,AS Monaco,AJ Auxerre,https://www.transfermarkt.com/aj-auxerre/spielplan/verein/290/saison_id/2025,https://www.transfermarkt.com/aj-auxerre_as-monaco/index/spielbericht/4635035,1:2,Centre-Forward,0,1,0,0,0,63,2026-01-05T14:35:22.167807
91228c2a9fd8778938b74b0dec4f7772,2025,6,27/09/25,A,AS Monaco,FC Lorient,https://www.transfermarkt.com/fc-lorient/spielplan/verein/1158/saison_id/2025,https://www.transfermarkt.com/fc-lorient_as-monaco/index/spielbericht/4635057,3:1,,0,0,0,0,0,45,2026-01-05T14:35:22.168666
91228c2a9fd8778938b74b0dec4f7772,2025,7,05/10/25,H,AS Monaco,OGC Nice,https://www.transfermarkt.com/ogc-nizza/spielplan/verein/417/saison_id/2025,https://www.transfermarkt.com/as-monaco_ogc-nice/index/spielbericht/4635060,2:2,,0,1,0,0,0,45,2026-01-05T14:35:22.169142
91228c2a9fd8778938b74b0dec4f7772,2025,8,18/10/25,A,AS Monaco,Angers SCO,https://www.transfermarkt.com/sco-angers/spielplan/verein/1420/saison_id/2025,https://www.transfermarkt.com/angers-sco_as-monaco/index/spielbericht/4635075,1:1,,1,0,0,0,0,28,2026-01-05T14:35:22.169598
91228c2a9fd8778938b74b0dec4f7772,2025,9,25/10/25,H,AS Monaco,FC Toulouse,https://www.transfermarkt.com/fc-toulouse/spielplan/verein/415/saison_id/2025,https://www.transfermarkt.com/as-monaco_fc-toulouse/index/spielbericht/4635080,1:0,Centre-Forward,0,0,0,0,0,60,2026-01-05T14:35:22.170071
91228c2a9fd8778938b74b0dec4f7772,2025,10,29/10/25,A,AS Monaco,FC Nantes,https://www.transfermarkt.com/fc-nantes/spielplan/verein/995/saison_id/2025,https://www.transfermarkt.com/fc-nantes_as-monaco/index/spielbericht/4635089,3:5,Centre-Forward,1,0,0,0,0,73,2026-01-05T14:35:22.170532
91228c2a9fd8778938b74b0dec4f7772,2025,11,01/11/25,H,AS Monaco,Paris FC,https://www.transfermarkt.com/paris-fc/spielplan/verein/10004/saison_id/2025,https://www.transfermarkt.com/as-monaco_paris-fc/index/spielbericht/4635103,0:1,,0,0,0,0,0,45,2026-01-05T14:35:22.170991
91228c2a9fd8778938b74b0dec4f7772,2025,14,29/11/25,H,AS Monaco,Paris Saint-Germain,https://www.transfermarkt.com/fc-paris-saint-germain/spielplan/verein/583/saison_id/2025,https://www.transfermarkt.com/as-monaco_paris-saint-germain/index/spielbericht/4635130,1:0,Centre-Forward,0,0,0,0,0,85,2026-01-05T14:35:22.172326
91228c2a9fd8778938b74b0dec4f7772,2025,16,14/12/25,A,AS Monaco,Olympique Marseille,https://www.transfermarkt.com/olympique-marseille/spielplan/verein/244/saison_id/2025,https://www.transfermarkt.com/olympique-marseille_as-monaco/index/spielbericht/4635149,1:0,Centre-Forward,0,0,0,0,0,90,2026-01-05T14:35:22.173210
296e8411bcc0b6106dacb91b2fade634,2025,3,23/08/25,H,PSV Eindhoven,FC Groningen,https://www.transfermarkt.com/fc-groningen/spielplan/verein/202/saison_id/2025,https://www.transfermarkt.com/psv-eindhoven_fc-groningen/index/spielbericht/4641443,4:2,Centre-Forward,0,0,0,0,0,4,2026-01-05T14:35:44.060733
296e8411bcc0b6106dacb91b2fade634,2025,4,30/08/25,H,PSV Eindhoven,SC Telstar,https://www.transfermarkt.com/sc-telstar/spielplan/verein/1434/saison_id/2025,https://www.transfermarkt.com/psv-eindhoven_sc-telstar/index/spielbericht/4641463,0:2,,0,0,0,0,0,45,2026-01-05T14:35:44.061200
296e8411bcc0b6106dacb91b2fade634,2025,5,13/09/25,A,PSV Eindhoven,NEC Nijmegen,https://www.transfermarkt.com/nec-nijmegen/spielplan/verein/467/saison_id/2025,https://www.transfermarkt.com/nec-nijmegen_psv-eindhoven/index/spielbericht/4641426,3:5,Centre-Forward,2,0,0,0,0,65,2026-01-05T14:35:44.061659
296e8411bcc0b6106dacb91b2fade634,2025,6,21/09/25,H,PSV Eindhoven,Ajax Amsterdam,https://www.transfermarkt.com/ajax-amsterdam/spielplan/verein/610/saison_id/2025,https://www.transfermarkt.com/psv-eindhoven_ajax-amsterdam/index/spielbericht/4641475,2:2,Centre-Forward,0,0,0,0,0,90,2026-01-05T14:35:44.062118
296e8411bcc0b6106dacb91b2fade634,2025,7,27/09/25,A,PSV Eindhoven,Excelsior Rotterdam,https://www.transfermarkt.com/sbv-excelsior-rotterdam/spielplan/verein/798/saison_id/2025,https://www.transfermarkt.com/excelsior-rotterdam_psv-eindhoven/index/spielbericht/4641437,1:2,Centre-Forward,0,0,0,0,0,32,2026-01-05T14:35:44.062564
296e8411bcc0b6106dacb91b2fade634,2025,9,18/10/25,H,PSV Eindhoven,Go Ahead Eagles,https://www.transfermarkt.com/go-ahead-eagles-deventer/spielplan/verein/1435/saison_id/2025,https://www.transfermarkt.com/psv-eindhoven_go-ahead-eagles/index/spielbericht/4641486,2:1,,0,0,0,0,0,19,2026-01-05T14:35:44.063376
296e8411bcc0b6106dacb91b2fade634,2025,10,26/10/25,A,PSV Eindhoven,Feyenoord Rotterdam,https://www.transfermarkt.com/feyenoord-rotterdam/spielplan/verein/234/saison_id/2025,https://www.transfermarkt.com/feyenoord-rotterdam_psv-eindhoven/index/spielbericht/4641652,2:3,Centre-Forward,0,0,0,0,0,7,2026-01-05T14:35:44.063815
296e8411bcc0b6106dacb91b2fade634,2025,11,31/10/25,H,PSV Eindhoven,Fortuna Sittard,https://www.transfermarkt.com/fortuna-sittard/spielplan/verein/385/saison_id/2025,https://www.transfermarkt.com/psv-eindhoven_fortuna-sittard/index/spielbericht/4641619,5:2,,1,0,0,0,0,30,2026-01-05T14:35:44.064273
296e8411bcc0b6106dacb91b2fade634,2025,12,09/11/25,A,PSV Eindhoven,AZ Alkmaar,https://www.transfermarkt.com/az-alkmaar/spielplan/verein/1090/saison_id/2025,https://www.transfermarkt.com/az-alkmaar_psv-eindhoven/index/spielbericht/4641679,1:5,,0,0,0,0,0,19,2026-01-05T14:35:44.064715
296e8411bcc0b6106dacb91b2fade634,2025,13,22/11/25,A,PSV Eindhoven,NAC Breda,https://www.transfermarkt.com/nac-breda/spielplan/verein/132/saison_id/2025,https://www.transfermarkt.com/nac-breda_psv-eindhoven/index/spielbericht/4641642,0:1,,0,0,0,0,0,20,2026-01-05T14:35:44.065170
296e8411bcc0b6106dacb91b2fade634,2025,14,30/11/25,H,PSV Eindhoven,FC Volendam,https://www.transfermarkt.com/fc-volendam/spielplan/verein/724/saison_id/2025,https://www.transfermarkt.com/psv-eindhoven_fc-volendam/index/spielbericht/4641671,3:0,Centre-Forward,1,1,0,0,0,90,2026-01-05T14:35:44.065623
296e8411bcc0b6106dacb91b2fade634,2025,15,06/12/25,A,PSV Eindhoven,SC Heerenveen,https://www.transfermarkt.com/sc-heerenveen/spielplan/verein/306/saison_id/2025,https://www.transfermarkt.com/sc-heerenveen_psv-eindhoven/index/spielbericht/4641662,0:2,Centre-Forward,1,0,0,0,0,90,2026-01-05T14:35:44.066084
296e8411bcc0b6106dacb91b2fade634,2025,16,13/12/25,H,PSV Eindhoven,Heracles Almelo,https://www.transfermarkt.com/heracles-almelo/spielplan/verein/1304/saison_id/2025,https://www.transfermarkt.com/psv-eindhoven_heracles-almelo/index/spielbericht/4641508,4:3,Centre-Forward,1,0,0,0,0,90,2026-01-05T14:35:44.066538
296e8411bcc0b6106dacb91b2fade634,2025,17,21/12/25,A,PSV Eindhoven,FC Utrecht,https://www.transfermarkt.com/fc-utrecht/spielplan/verein/200/saison_id/2025,https://www.transfermarkt.com/fc-utrecht_psv-eindhoven/index/spielbericht/4641494,1:2,Centre-Forward,1,0,0,0,0,89,2026-01-05T14:35:44.066998
fcc75917e36ec91fcffc009d6dda2ca1,2025,3,11/10/25,H,United States,Ecuador,https://www.transfermarkt.com/ecuador/spielplan/verein/5750/saison_id/2025,https://www.transfermarkt.com/united-states_ecuador/index/spielbericht/4740786,1:1,,0,0,0,0,0,9,2026-01-05T14:35:51.032259
fcc75917e36ec91fcffc009d6dda2ca1,2025,4,15/10/25,H,United States,Australia,https://www.transfermarkt.com/australien/spielplan/verein/3433/saison_id/2025,https://www.transfermarkt.com/united-states_australia/index/spielbericht/4740818,2:1,Centre-Forward,2,0,0,0,0,64,2026-01-05T14:35:51.032700
fcc75917e36ec91fcffc009d6dda2ca1,2025,6,19/11/25,H,United States,Uruguay,https://www.transfermarkt.com/uruguay/spielplan/verein/3449/saison_id/2025,https://www.transfermarkt.com/united-states_uruguay/index/spielbericht/4740843,5:1,Centre-Forward,0,0,0,0,0,60,2026-01-05T14:35:51.033478
